Traceback (most recent call last):
  File "/home/runner/work/job-scout-pipeline/job-scout-pipeline/src/job_scraper.py", line 15, in <module>
    from src.job_matcher import JobMatcher
ModuleNotFoundError: No module named 'src'
2026-05-19 15:36:24,173 - INFO - ============================================================
2026-05-19 15:36:24,174 - INFO - Job Scout Pipeline Started
2026-05-19 15:36:24,173 - INFO - ============================================================
2026-05-19 15:36:24,174 - INFO - Job Scout Pipeline Started
2026-05-19 15:36:24,174 - INFO - ============================================================
2026-05-19 15:36:24,174 - INFO - ============================================================
2026-05-19 15:36:24,174 - ERROR - Config file not found: config/companies.json
2026-05-19 15:36:24,174 - ERROR - Config file not found: config/companies.json
2026-05-19 15:36:24,174 - INFO - Starting scrape for 0 companies
2026-05-19 15:36:24,174 - INFO - Starting scrape for 0 companies
2026-05-19 15:36:24,174 - INFO - Total jobs found: 0
2026-05-19 15:36:24,174 - INFO - Total jobs found: 0
2026-05-19 15:36:24,174 - INFO - Matching 0 jobs against profile...
2026-05-19 15:36:24,174 - INFO - Matching 0 jobs against profile...
2026-05-19 15:36:24,174 - INFO - Found 0 matching jobs
2026-05-19 15:36:24,174 - INFO - Found 0 matching jobs
2026-05-19 15:36:24,174 - INFO - Job database updated: 0 new jobs, 0 total
2026-05-19 15:36:24,174 - INFO - Job database updated: 0 new jobs, 0 total
2026-05-19 15:36:24,174 - INFO - ============================================================
2026-05-19 15:36:24,174 - INFO - ============================================================
2026-05-19 15:36:24,174 - INFO - Job Scout Pipeline Completed
2026-05-19 15:36:24,174 - INFO - Job Scout Pipeline Completed
2026-05-19 15:36:24,175 - INFO - ============================================================
2026-05-19 15:36:24,175 - INFO - ============================================================
2026-05-19 15:51:34,755 - INFO - ============================================================
2026-05-19 15:51:34,755 - INFO - Job Scout Pipeline Started
2026-05-19 15:51:34,755 - INFO - ============================================================
2026-05-19 15:51:34,755 - INFO - Job Scout Pipeline Started
2026-05-19 15:51:34,755 - INFO - ============================================================
2026-05-19 15:51:34,756 - ERROR - Config file not found: config/companies.json
2026-05-19 15:51:34,755 - INFO - ============================================================
2026-05-19 15:51:34,756 - ERROR - Config file not found: config/companies.json
2026-05-19 15:51:34,756 - INFO - Starting scrape for 0 companies
2026-05-19 15:51:34,756 - INFO - Starting scrape for 0 companies
2026-05-19 15:51:34,756 - INFO - Total jobs found: 0
2026-05-19 15:51:34,756 - INFO - Total jobs found: 0
2026-05-19 15:51:34,756 - INFO - Matching 0 jobs against profile...
2026-05-19 15:51:34,756 - INFO - Matching 0 jobs against profile...
2026-05-19 15:51:34,756 - INFO - Found 0 matching jobs
2026-05-19 15:51:34,756 - INFO - Found 0 matching jobs
2026-05-19 15:51:34,756 - INFO - Job database updated: 0 new jobs, 0 total
2026-05-19 15:51:34,756 - INFO - Job database updated: 0 new jobs, 0 total
2026-05-19 15:51:34,757 - INFO - ============================================================
2026-05-19 15:51:34,757 - INFO - Job Scout Pipeline Completed
2026-05-19 15:51:34,757 - INFO - ============================================================
2026-05-19 15:51:34,757 - INFO - ============================================================
2026-05-19 15:51:34,757 - INFO - Job Scout Pipeline Completed
2026-05-19 15:51:34,757 - INFO - ============================================================
2026-05-19 16:17:52,449 - INFO - ============================================================
2026-05-19 16:17:52,449 - INFO - ============================================================
2026-05-19 16:17:52,450 - INFO - Job Scout Pipeline Started
2026-05-19 16:17:52,450 - INFO - Job Scout Pipeline Started
2026-05-19 16:17:52,450 - INFO - ============================================================
2026-05-19 16:17:52,450 - INFO - ============================================================
2026-05-19 16:17:52,450 - ERROR - Config file not found: config/companies.json
2026-05-19 16:17:52,450 - ERROR - Config file not found: config/companies.json
2026-05-19 16:17:52,450 - INFO - Starting scrape for 0 companies
2026-05-19 16:17:52,450 - INFO - Starting scrape for 0 companies
2026-05-19 16:17:52,450 - INFO - Total jobs found: 0
2026-05-19 16:17:52,450 - INFO - Total jobs found: 0
2026-05-19 16:17:52,450 - INFO - Matching 0 jobs against profile...
2026-05-19 16:17:52,450 - INFO - Matching 0 jobs against profile...
2026-05-19 16:17:52,450 - INFO - Found 0 matching jobs
2026-05-19 16:17:52,450 - INFO - Found 0 matching jobs
2026-05-19 16:17:52,450 - INFO - Job database updated: 0 new jobs, 0 total
2026-05-19 16:17:52,450 - INFO - Job database updated: 0 new jobs, 0 total
2026-05-19 16:17:52,451 - INFO - ============================================================
2026-05-19 16:17:52,451 - INFO - ============================================================
2026-05-19 16:17:52,451 - INFO - Job Scout Pipeline Completed
2026-05-19 16:17:52,451 - INFO - Job Scout Pipeline Completed
2026-05-19 16:17:52,451 - INFO - ============================================================
2026-05-19 16:17:52,451 - INFO - ============================================================
2026-05-19 19:58:36,947 - INFO - ============================================================
2026-05-19 19:58:36,948 - INFO - Job Scout Pipeline Started
2026-05-19 19:58:36,947 - INFO - ============================================================
2026-05-19 19:58:36,948 - INFO - Job Scout Pipeline Started
2026-05-19 19:58:36,948 - INFO - ============================================================
2026-05-19 19:58:36,948 - INFO - ============================================================
2026-05-19 19:58:36,948 - ERROR - Config file not found: config/companies.json
2026-05-19 19:58:36,948 - ERROR - Config file not found: config/companies.json
2026-05-19 19:58:36,948 - INFO - Starting scrape for 0 companies
2026-05-19 19:58:36,948 - INFO - Starting scrape for 0 companies
2026-05-19 19:58:36,948 - INFO - Total jobs found: 0
2026-05-19 19:58:36,948 - INFO - Total jobs found: 0
2026-05-19 19:58:36,948 - INFO - Matching 0 jobs against profile...
2026-05-19 19:58:36,948 - INFO - Matching 0 jobs against profile...
2026-05-19 19:58:36,948 - INFO - Found 0 matching jobs
2026-05-19 19:58:36,948 - INFO - Found 0 matching jobs
2026-05-19 19:58:36,948 - INFO - Job database updated: 0 new jobs, 0 total
2026-05-19 19:58:36,948 - INFO - Job database updated: 0 new jobs, 0 total
2026-05-19 19:58:36,948 - INFO - ============================================================
2026-05-19 19:58:36,948 - INFO - ============================================================
2026-05-19 19:58:36,948 - INFO - Job Scout Pipeline Completed
2026-05-19 19:58:36,948 - INFO - Job Scout Pipeline Completed
2026-05-19 19:58:36,948 - INFO - ============================================================
2026-05-19 19:58:36,948 - INFO - ============================================================
2026-05-20 04:03:39,727 - INFO - ============================================================
2026-05-20 04:03:39,727 - INFO - ============================================================
2026-05-20 04:03:39,727 - INFO - Job Scout Pipeline Started
2026-05-20 04:03:39,727 - INFO - Job Scout Pipeline Started
2026-05-20 04:03:39,727 - INFO - ============================================================
2026-05-20 04:03:39,727 - INFO - ============================================================
2026-05-20 04:03:39,727 - ERROR - Config file not found: config/companies.json
2026-05-20 04:03:39,727 - ERROR - Config file not found: config/companies.json
2026-05-20 04:03:39,727 - INFO - Starting scrape for 0 companies
2026-05-20 04:03:39,727 - INFO - Starting scrape for 0 companies
2026-05-20 04:03:39,727 - INFO - Total jobs found: 0
2026-05-20 04:03:39,727 - INFO - Total jobs found: 0
2026-05-20 04:03:39,727 - INFO - Matching 0 jobs against profile...
2026-05-20 04:03:39,727 - INFO - Matching 0 jobs against profile...
2026-05-20 04:03:39,727 - INFO - Found 0 matching jobs
2026-05-20 04:03:39,727 - INFO - Found 0 matching jobs
2026-05-20 04:03:39,728 - INFO - Job database updated: 0 new jobs, 0 total
2026-05-20 04:03:39,728 - INFO - Job database updated: 0 new jobs, 0 total
2026-05-20 04:03:39,728 - INFO - ============================================================
2026-05-20 04:03:39,728 - INFO - ============================================================
2026-05-20 04:03:39,728 - INFO - Job Scout Pipeline Completed
2026-05-20 04:03:39,728 - INFO - ============================================================
2026-05-20 04:03:39,728 - INFO - Job Scout Pipeline Completed
2026-05-20 04:03:39,728 - INFO - ============================================================
2026-05-20 09:44:18,264 - INFO - ============================================================
2026-05-20 09:44:18,264 - INFO - ============================================================
2026-05-20 09:44:18,264 - INFO - Job Scout Pipeline Started
2026-05-20 09:44:18,264 - INFO - Job Scout Pipeline Started
2026-05-20 09:44:18,264 - INFO - ============================================================
2026-05-20 09:44:18,264 - INFO - ============================================================
2026-05-20 09:44:18,264 - ERROR - Config file not found: config/companies.json
2026-05-20 09:44:18,264 - ERROR - Config file not found: config/companies.json
2026-05-20 09:44:18,264 - INFO - Starting scrape for 0 companies
2026-05-20 09:44:18,264 - INFO - Starting scrape for 0 companies
2026-05-20 09:44:18,265 - INFO - Total jobs found: 0
2026-05-20 09:44:18,265 - INFO - Total jobs found: 0
2026-05-20 09:44:18,265 - INFO - Matching 0 jobs against profile...
2026-05-20 09:44:18,265 - INFO - Matching 0 jobs against profile...
2026-05-20 09:44:18,265 - INFO - Found 0 matching jobs
2026-05-20 09:44:18,265 - INFO - Found 0 matching jobs
2026-05-20 09:44:18,265 - INFO - Job database updated: 0 new jobs, 0 total
2026-05-20 09:44:18,265 - INFO - Job database updated: 0 new jobs, 0 total
2026-05-20 09:44:18,265 - INFO - ============================================================
2026-05-20 09:44:18,265 - INFO - ============================================================
2026-05-20 09:44:18,265 - INFO - Job Scout Pipeline Completed
2026-05-20 09:44:18,265 - INFO - ============================================================
2026-05-20 09:44:18,265 - INFO - Job Scout Pipeline Completed
2026-05-20 09:44:18,265 - INFO - ============================================================
2026-05-20 10:27:39,623 - INFO - ============================================================
2026-05-20 10:27:39,624 - INFO - Job Scout Pipeline Started
2026-05-20 10:27:39,623 - INFO - ============================================================
2026-05-20 10:27:39,624 - INFO - Job Scout Pipeline Started
2026-05-20 10:27:39,624 - INFO - ============================================================
2026-05-20 10:27:39,624 - INFO - ============================================================
2026-05-20 10:27:39,624 - ERROR - Config file not found: config/companies.json
2026-05-20 10:27:39,624 - INFO - Starting scrape for 0 companies
2026-05-20 10:27:39,624 - INFO - Total jobs found: 0
2026-05-20 10:27:39,624 - INFO - Matching 0 jobs against profile...
2026-05-20 10:27:39,624 - INFO - Found 0 matching jobs
2026-05-20 10:27:39,624 - ERROR - Config file not found: config/companies.json
2026-05-20 10:27:39,624 - INFO - Starting scrape for 0 companies
2026-05-20 10:27:39,624 - INFO - Total jobs found: 0
2026-05-20 10:27:39,624 - INFO - Matching 0 jobs against profile...
2026-05-20 10:27:39,624 - INFO - Found 0 matching jobs
2026-05-20 10:27:39,624 - INFO - Job database updated: 0 new jobs, 0 total
2026-05-20 10:27:39,624 - INFO - ============================================================
2026-05-20 10:27:39,624 - INFO - Job database updated: 0 new jobs, 0 total
2026-05-20 10:27:39,624 - INFO - ============================================================
2026-05-20 10:27:39,625 - INFO - Job Scout Pipeline Completed
2026-05-20 10:27:39,625 - INFO - Job Scout Pipeline Completed
2026-05-20 10:27:39,625 - INFO - ============================================================
2026-05-20 10:27:39,625 - INFO - ============================================================
2026-05-20 11:01:41,745 - INFO - ============================================================
2026-05-20 11:01:41,745 - INFO - ============================================================
2026-05-20 11:01:41,745 - INFO - Job Scout Pipeline Started
2026-05-20 11:01:41,745 - INFO - Job Scout Pipeline Started
2026-05-20 11:01:41,745 - INFO - ============================================================
2026-05-20 11:01:41,745 - INFO - ============================================================
2026-05-20 11:01:41,745 - INFO - Starting scrape for 50 companies
2026-05-20 11:01:41,745 - INFO - Starting scrape for 50 companies
2026-05-20 11:01:41,745 - INFO - Scraping Revolut...
2026-05-20 11:01:41,745 - INFO - Scraping Revolut...
2026-05-20 11:01:42,061 - INFO - Scraping Schneider Electric...
2026-05-20 11:01:42,061 - INFO - Scraping Schneider Electric...
2026-05-20 11:01:42,112 - WARNING - Network error for Schneider Electric: HTTPSConnectionPool(host='careers.schneider-electric.com', port=443): Max retries exceeded with url: / (Caused by NameResolutionError("HTTPSConnection(host='careers.schneider-electric.com', port=443): Failed to resolve 'careers.schneider-electric.com' ([Errno -2] Name or service not known)"))
2026-05-20 11:01:42,112 - WARNING - Network error for Schneider Electric: HTTPSConnectionPool(host='careers.schneider-electric.com', port=443): Max retries exceeded with url: / (Caused by NameResolutionError("HTTPSConnection(host='careers.schneider-electric.com', port=443): Failed to resolve 'careers.schneider-electric.com' ([Errno -2] Name or service not known)"))
2026-05-20 11:01:42,112 - INFO - Scraping Eiffage Energía...
2026-05-20 11:01:42,112 - INFO - Scraping Eiffage Energía...
2026-05-20 11:01:42,591 - WARNING - Network error for Eiffage Energía: 404 Client Error: Not Found for url: https://www.eiffage.com/es/careers
2026-05-20 11:01:42,591 - WARNING - Network error for Eiffage Energía: 404 Client Error: Not Found for url: https://www.eiffage.com/es/careers
2026-05-20 11:01:42,592 - INFO - Scraping Mecalux...
2026-05-20 11:01:42,592 - INFO - Scraping Mecalux...
2026-05-20 11:01:43,944 - WARNING - Network error for Mecalux: 404 Client Error: 404 for url: https://www.mecalux.es/careers
2026-05-20 11:01:43,944 - WARNING - Network error for Mecalux: 404 Client Error: 404 for url: https://www.mecalux.es/careers
2026-05-20 11:01:43,945 - INFO - Scraping Dragados...
2026-05-20 11:01:43,945 - INFO - Scraping Dragados...
2026-05-20 11:01:44,763 - WARNING - Network error for Dragados: 404 Client Error: Not Found for url: https://www.dragados.com/es/careers
2026-05-20 11:01:44,763 - WARNING - Network error for Dragados: 404 Client Error: Not Found for url: https://www.dragados.com/es/careers
2026-05-20 11:01:44,764 - INFO - Scraping Thermo King...
2026-05-20 11:01:44,764 - INFO - Scraping Thermo King...
2026-05-20 11:01:45,097 - INFO - Scraping Oliver Wyman...
2026-05-20 11:01:45,097 - INFO - Scraping Oliver Wyman...
2026-05-20 11:01:46,175 - INFO - Scraping Nexus Energía...
2026-05-20 11:01:46,175 - INFO - Scraping Nexus Energía...
2026-05-20 11:01:46,207 - WARNING - Network error for Nexus Energía: HTTPSConnectionPool(host='www.nexus-energia.com', port=443): Max retries exceeded with url: /careers (Caused by NameResolutionError("HTTPSConnection(host='www.nexus-energia.com', port=443): Failed to resolve 'www.nexus-energia.com' ([Errno -2] Name or service not known)"))
2026-05-20 11:01:46,207 - WARNING - Network error for Nexus Energía: HTTPSConnectionPool(host='www.nexus-energia.com', port=443): Max retries exceeded with url: /careers (Caused by NameResolutionError("HTTPSConnection(host='www.nexus-energia.com', port=443): Failed to resolve 'www.nexus-energia.com' ([Errno -2] Name or service not known)"))
2026-05-20 11:01:46,207 - INFO - Scraping ENGIE...
2026-05-20 11:01:46,207 - INFO - Scraping ENGIE...
2026-05-20 11:01:48,291 - WARNING - Network error for ENGIE: 404 Client Error: Not Found for url: https://www.engie.com/careers
2026-05-20 11:01:48,291 - WARNING - Network error for ENGIE: 404 Client Error: Not Found for url: https://www.engie.com/careers
2026-05-20 11:01:48,293 - INFO - Scraping Danone...
2026-05-20 11:01:48,293 - INFO - Scraping Danone...
2026-05-20 11:01:48,685 - INFO - Scraping Sorigué...
2026-05-20 11:01:48,685 - INFO - Scraping Sorigué...
2026-05-20 11:01:50,008 - WARNING - Network error for Sorigué: 404 Client Error: Not Found for url: https://www.sorigue.com/es/careers
2026-05-20 11:01:50,008 - WARNING - Network error for Sorigué: 404 Client Error: Not Found for url: https://www.sorigue.com/es/careers
2026-05-20 11:01:50,009 - INFO - Scraping SDG Group...
2026-05-20 11:01:50,009 - INFO - Scraping SDG Group...
2026-05-20 11:01:50,917 - INFO - Scraping KPMG Spain...
2026-05-20 11:01:50,917 - INFO - Scraping KPMG Spain...
2026-05-20 11:01:51,030 - WARNING - Network error for KPMG Spain: HTTPSConnectionPool(host='careers.kpmg.es', port=443): Max retries exceeded with url: / (Caused by NameResolutionError("HTTPSConnection(host='careers.kpmg.es', port=443): Failed to resolve 'careers.kpmg.es' ([Errno -2] Name or service not known)"))
2026-05-20 11:01:51,030 - WARNING - Network error for KPMG Spain: HTTPSConnectionPool(host='careers.kpmg.es', port=443): Max retries exceeded with url: / (Caused by NameResolutionError("HTTPSConnection(host='careers.kpmg.es', port=443): Failed to resolve 'careers.kpmg.es' ([Errno -2] Name or service not known)"))
2026-05-20 11:01:51,031 - INFO - Scraping NTT Data...
2026-05-20 11:01:51,031 - INFO - Scraping NTT Data...
2026-05-20 11:01:51,670 - WARNING - Network error for NTT Data: 404 Client Error: Not Found for url: https://www.nttdata.com/global/en/404
2026-05-20 11:01:51,670 - WARNING - Network error for NTT Data: 404 Client Error: Not Found for url: https://www.nttdata.com/global/en/404
2026-05-20 11:01:51,671 - INFO - Scraping HP Spain...
2026-05-20 11:01:51,671 - INFO - Scraping HP Spain...
2026-05-20 11:01:51,778 - WARNING - Network error for HP Spain: HTTPSConnectionPool(host='careers.hp.com', port=443): Max retries exceeded with url: / (Caused by NameResolutionError("HTTPSConnection(host='careers.hp.com', port=443): Failed to resolve 'careers.hp.com' ([Errno -5] No address associated with hostname)"))
2026-05-20 11:01:51,778 - WARNING - Network error for HP Spain: HTTPSConnectionPool(host='careers.hp.com', port=443): Max retries exceeded with url: / (Caused by NameResolutionError("HTTPSConnection(host='careers.hp.com', port=443): Failed to resolve 'careers.hp.com' ([Errno -5] No address associated with hostname)"))
2026-05-20 11:01:51,779 - INFO - Scraping Deloitte Spain...
2026-05-20 11:01:51,779 - INFO - Scraping Deloitte Spain...
2026-05-20 11:01:52,373 - INFO - Scraping PwC Spain...
2026-05-20 11:01:52,373 - INFO - Scraping PwC Spain...
2026-05-20 11:01:52,953 - WARNING - Network error for PwC Spain: 404 Client Error: Not Found for url: https://www.pwc.es/careers
2026-05-20 11:01:52,953 - WARNING - Network error for PwC Spain: 404 Client Error: Not Found for url: https://www.pwc.es/careers
2026-05-20 11:01:52,955 - INFO - Scraping Accenture Spain...
2026-05-20 11:01:52,955 - INFO - Scraping Accenture Spain...
2026-05-20 11:01:53,159 - INFO - Scraping Boston Consulting Group...
2026-05-20 11:01:53,159 - INFO - Scraping Boston Consulting Group...
2026-05-20 11:01:53,320 - WARNING - Network error for Boston Consulting Group: 403 Client Error: Forbidden for url: https://www.bcg.com/careers
2026-05-20 11:01:53,320 - WARNING - Network error for Boston Consulting Group: 403 Client Error: Forbidden for url: https://www.bcg.com/careers
2026-05-20 11:01:53,321 - INFO - Scraping IDOM...
2026-05-20 11:01:53,321 - INFO - Scraping IDOM...
2026-05-20 11:01:54,834 - INFO - Scraping RDT Engineers...
2026-05-20 11:01:54,834 - INFO - Scraping RDT Engineers...
2026-05-20 11:01:56,427 - INFO - Scraping Technip Energies...
2026-05-20 11:01:56,427 - INFO - Scraping Technip Energies...
2026-05-20 11:01:57,241 - INFO - Scraping COMSA...
2026-05-20 11:01:57,241 - INFO - Scraping COMSA...
2026-05-20 11:01:57,383 - WARNING - Network error for COMSA: 403 Client Error: Forbidden for url: https://www.comsa.com/careers
2026-05-20 11:01:57,383 - WARNING - Network error for COMSA: 403 Client Error: Forbidden for url: https://www.comsa.com/careers
2026-05-20 11:01:57,384 - INFO - Scraping Valmet...
2026-05-20 11:01:57,384 - INFO - Scraping Valmet...
2026-05-20 11:01:58,404 - INFO - Scraping CELSA Group...
2026-05-20 11:01:58,404 - INFO - Scraping CELSA Group...
2026-05-20 11:01:59,057 - WARNING - Network error for CELSA Group: 403 Client Error: Forbidden for url: https://www.celsagroup.com/careers
2026-05-20 11:01:59,057 - WARNING - Network error for CELSA Group: 403 Client Error: Forbidden for url: https://www.celsagroup.com/careers
2026-05-20 11:01:59,059 - INFO - Scraping Elecnor...
2026-05-20 11:01:59,059 - INFO - Scraping Elecnor...
2026-05-20 11:01:59,581 - WARNING - Network error for Elecnor: 404 Client Error: Not Found for url: https://www.elecnor.com/careers
2026-05-20 11:01:59,581 - WARNING - Network error for Elecnor: 404 Client Error: Not Found for url: https://www.elecnor.com/careers
2026-05-20 11:01:59,582 - INFO - Scraping Ingerop...
2026-05-20 11:01:59,582 - INFO - Scraping Ingerop...
2026-05-20 11:02:01,472 - WARNING - Network error for Ingerop: 404 Client Error: Not Found for url: https://www.ingerop.com/careers
2026-05-20 11:02:01,472 - WARNING - Network error for Ingerop: 404 Client Error: Not Found for url: https://www.ingerop.com/careers
2026-05-20 11:02:01,474 - INFO - Scraping VINCI...
2026-05-20 11:02:01,474 - INFO - Scraping VINCI...
2026-05-20 11:02:01,789 - WARNING - Network error for VINCI: 418 Client Error: I'm a teapot for url: https://www.vinci.com/careers
2026-05-20 11:02:01,789 - WARNING - Network error for VINCI: 418 Client Error: I'm a teapot for url: https://www.vinci.com/careers
2026-05-20 11:02:01,790 - INFO - Scraping Copisa...
2026-05-20 11:02:01,790 - INFO - Scraping Copisa...
2026-05-20 11:02:02,672 - WARNING - Network error for Copisa: 404 Client Error: Not Found for url: https://copisa.com/careers
2026-05-20 11:02:02,672 - WARNING - Network error for Copisa: 404 Client Error: Not Found for url: https://copisa.com/careers
2026-05-20 11:02:02,674 - INFO - Scraping TYPSA...
2026-05-20 11:02:02,674 - INFO - Scraping TYPSA...
2026-05-20 11:02:03,835 - INFO - Scraping Veolia Spain...
2026-05-20 11:02:03,835 - INFO - Scraping Veolia Spain...
2026-05-20 11:02:05,034 - WARNING - Network error for Veolia Spain: 404 Client Error: Not Found for url: https://www.veolia.com/careers
2026-05-20 11:02:05,034 - WARNING - Network error for Veolia Spain: 404 Client Error: Not Found for url: https://www.veolia.com/careers
2026-05-20 11:02:05,035 - INFO - Scraping Fichtner...
2026-05-20 11:02:05,035 - INFO - Scraping Fichtner...
2026-05-20 11:02:15,373 - WARNING - Network error for Fichtner: HTTPSConnectionPool(host='www.fichtner.com', port=443): Max retries exceeded with url: /careers (Caused by ConnectTimeoutError(<HTTPSConnection(host='www.fichtner.com', port=443) at 0x7fa6cbda8490>, 'Connection to www.fichtner.com timed out. (connect timeout=10)'))
2026-05-20 11:02:15,373 - INFO - Scraping ProZero...
2026-05-20 11:02:15,373 - WARNING - Network error for Fichtner: HTTPSConnectionPool(host='www.fichtner.com', port=443): Max retries exceeded with url: /careers (Caused by ConnectTimeoutError(<HTTPSConnection(host='www.fichtner.com', port=443) at 0x7fa6cbda8490>, 'Connection to www.fichtner.com timed out. (connect timeout=10)'))
2026-05-20 11:02:15,373 - INFO - Scraping ProZero...
2026-05-20 11:02:15,687 - WARNING - Network error for ProZero: HTTPSConnectionPool(host='www.prozero.com', port=443): Max retries exceeded with url: /careers (Caused by SSLError(SSLCertVerificationError(1, "[SSL: CERTIFICATE_VERIFY_FAILED] certificate verify failed: Hostname mismatch, certificate is not valid for 'www.prozero.com'. (_ssl.c:1016)")))
2026-05-20 11:02:15,687 - WARNING - Network error for ProZero: HTTPSConnectionPool(host='www.prozero.com', port=443): Max retries exceeded with url: /careers (Caused by SSLError(SSLCertVerificationError(1, "[SSL: CERTIFICATE_VERIFY_FAILED] certificate verify failed: Hostname mismatch, certificate is not valid for 'www.prozero.com'. (_ssl.c:1016)")))
2026-05-20 11:02:15,687 - INFO - Scraping Avesa...
2026-05-20 11:02:15,687 - INFO - Scraping Avesa...
2026-05-20 11:02:16,158 - WARNING - Network error for Avesa: 404 Client Error: Not Found for url: https://www.avesa.es/page-not-found
2026-05-20 11:02:16,158 - WARNING - Network error for Avesa: 404 Client Error: Not Found for url: https://www.avesa.es/page-not-found
2026-05-20 11:02:16,159 - INFO - Scraping Applus IDIADA...
2026-05-20 11:02:16,159 - INFO - Scraping Applus IDIADA...
2026-05-20 11:02:17,925 - WARNING - Network error for Applus IDIADA: 404 Client Error:  for url: https://www.applusidiada.com/careers
2026-05-20 11:02:17,925 - WARNING - Network error for Applus IDIADA: 404 Client Error:  for url: https://www.applusidiada.com/careers
2026-05-20 11:02:17,926 - INFO - Scraping ABB Spain...
2026-05-20 11:02:17,926 - INFO - Scraping ABB Spain...
2026-05-20 11:02:17,945 - WARNING - Network error for ABB Spain: HTTPSConnectionPool(host='careers.abb.com', port=443): Max retries exceeded with url: /es-es (Caused by NameResolutionError("HTTPSConnection(host='careers.abb.com', port=443): Failed to resolve 'careers.abb.com' ([Errno -2] Name or service not known)"))
2026-05-20 11:02:17,946 - INFO - Scraping Henkel Spain...
2026-05-20 11:02:17,945 - WARNING - Network error for ABB Spain: HTTPSConnectionPool(host='careers.abb.com', port=443): Max retries exceeded with url: /es-es (Caused by NameResolutionError("HTTPSConnection(host='careers.abb.com', port=443): Failed to resolve 'careers.abb.com' ([Errno -2] Name or service not known)"))
2026-05-20 11:02:17,946 - INFO - Scraping Henkel Spain...
2026-05-20 11:02:18,480 - INFO - Scraping B. Braun...
2026-05-20 11:02:18,480 - INFO - Scraping B. Braun...
2026-05-20 11:02:19,383 - WARNING - Network error for B. Braun: 404 Client Error: Not Found for url: https://www.bbraun.com/careers.html
2026-05-20 11:02:19,383 - WARNING - Network error for B. Braun: 404 Client Error: Not Found for url: https://www.bbraun.com/careers.html
2026-05-20 11:02:19,385 - INFO - Scraping Unex...
2026-05-20 11:02:19,385 - INFO - Scraping Unex...
2026-05-20 11:02:20,086 - INFO - Scraping Banco Sabadell...
2026-05-20 11:02:20,086 - INFO - Scraping Banco Sabadell...
2026-05-20 11:02:20,602 - WARNING - Network error for Banco Sabadell: 404 Client Error: Not Found for url: https://www.bancsabadell.com/careers
2026-05-20 11:02:20,602 - WARNING - Network error for Banco Sabadell: 404 Client Error: Not Found for url: https://www.bancsabadell.com/careers
2026-05-20 11:02:20,603 - INFO - Scraping Caixa Enginyers...
2026-05-20 11:02:20,603 - INFO - Scraping Caixa Enginyers...
2026-05-20 11:02:21,446 - WARNING - Network error for Caixa Enginyers: 404 Client Error: 404 for url: https://www.caixaenginyers.com/careers
2026-05-20 11:02:21,446 - WARNING - Network error for Caixa Enginyers: 404 Client Error: 404 for url: https://www.caixaenginyers.com/careers
2026-05-20 11:02:21,447 - INFO - Scraping TGW Logistics...
2026-05-20 11:02:21,447 - INFO - Scraping TGW Logistics...
2026-05-20 11:02:21,816 - INFO - Scraping Elis Spain...
2026-05-20 11:02:21,816 - INFO - Scraping Elis Spain...
2026-05-20 11:02:28,570 - INFO - Scraping BonÀrea...
2026-05-20 11:02:28,570 - INFO - Scraping BonÀrea...
2026-05-20 11:02:30,016 - INFO - Scraping VICIO...
2026-05-20 11:02:30,016 - INFO - Scraping VICIO...
2026-05-20 11:02:30,762 - INFO - Scraping Red Bull...
2026-05-20 11:02:30,762 - INFO - Scraping Red Bull...
2026-05-20 11:02:30,939 - WARNING - Network error for Red Bull: 403 Client Error: Forbidden for url: https://www.redbull.com/careers
2026-05-20 11:02:30,939 - WARNING - Network error for Red Bull: 403 Client Error: Forbidden for url: https://www.redbull.com/careers
2026-05-20 11:02:30,940 - INFO - Scraping Eurecat...
2026-05-20 11:02:30,940 - INFO - Scraping Eurecat...
2026-05-20 11:02:37,190 - WARNING - Network error for Eurecat: 404 Client Error: Not Found for url: https://eurecat.org/careers
2026-05-20 11:02:37,190 - WARNING - Network error for Eurecat: 404 Client Error: Not Found for url: https://eurecat.org/careers
2026-05-20 11:02:37,191 - INFO - Scraping Minsait...
2026-05-20 11:02:37,191 - INFO - Scraping Minsait...
2026-05-20 11:02:37,902 - INFO - Scraping Bertrandt...
2026-05-20 11:02:37,902 - INFO - Scraping Bertrandt...
2026-05-20 11:02:38,594 - WARNING - Network error for Bertrandt: 404 Client Error: Not Found for url: https://www.bertrandt.com/careers
2026-05-20 11:02:38,594 - WARNING - Network error for Bertrandt: 404 Client Error: Not Found for url: https://www.bertrandt.com/careers
2026-05-20 11:02:38,595 - INFO - Scraping Simon...
2026-05-20 11:02:38,595 - INFO - Scraping Simon...
2026-05-20 11:02:38,983 - INFO - Total jobs found: 88
2026-05-20 11:02:38,983 - INFO - Matching 88 jobs against profile...
2026-05-20 11:02:38,983 - INFO - Total jobs found: 88
2026-05-20 11:02:38,983 - INFO - Matching 88 jobs against profile...
2026-05-20 11:02:38,983 - INFO - Match found: Unknown @ Revolut (31.304347826086957%)
2026-05-20 11:02:38,983 - INFO - Match found: Unknown @ Revolut (31.304347826086957%)
2026-05-20 11:02:38,983 - INFO - Match found: Unknown @ Revolut (31.304347826086957%)
2026-05-20 11:02:38,983 - INFO - Match found: Unknown @ Revolut (31.304347826086957%)
2026-05-20 11:02:38,983 - INFO - Match found: Unknown @ Revolut (31.304347826086957%)
2026-05-20 11:02:38,983 - INFO - Match found: Unknown @ Revolut (31.304347826086957%)
2026-05-20 11:02:38,983 - INFO - Match found: Unknown @ Revolut (31.304347826086957%)
2026-05-20 11:02:38,983 - INFO - Match found: Unknown @ Revolut (31.304347826086957%)
2026-05-20 11:02:38,983 - INFO - Match found: Unknown @ Revolut (31.304347826086957%)
2026-05-20 11:02:38,983 - INFO - Match found: Unknown @ Revolut (31.304347826086957%)
2026-05-20 11:02:38,983 - INFO - Match found: Unknown @ Revolut (31.304347826086957%)
2026-05-20 11:02:38,983 - INFO - Match found: Unknown @ Revolut (31.304347826086957%)
2026-05-20 11:02:38,983 - INFO - Match found: Unknown @ Revolut (31.304347826086957%)
2026-05-20 11:02:38,983 - INFO - Match found: Unknown @ Revolut (31.304347826086957%)
2026-05-20 11:02:38,983 - INFO - Match found: Unknown @ Revolut (31.304347826086957%)
2026-05-20 11:02:38,983 - INFO - Match found: Unknown @ Revolut (31.304347826086957%)
2026-05-20 11:02:38,984 - INFO - Match found: Unknown @ Revolut (31.304347826086957%)
2026-05-20 11:02:38,984 - INFO - Match found: Unknown @ Revolut (31.304347826086957%)
2026-05-20 11:02:38,984 - INFO - Match found: Unknown @ Revolut (31.304347826086957%)
2026-05-20 11:02:38,984 - INFO - Match found: Unknown @ Revolut (31.304347826086957%)
2026-05-20 11:02:38,984 - INFO - Match found: Unknown @ Revolut (31.304347826086957%)
2026-05-20 11:02:38,984 - INFO - Match found: Unknown @ Revolut (31.304347826086957%)
2026-05-20 11:02:38,984 - INFO - Match found: Jump with us! @ SDG Group (31.304347826086957%)
2026-05-20 11:02:38,984 - INFO - Match found: Jump with us! @ SDG Group (31.304347826086957%)
2026-05-20 11:02:38,984 - INFO - Match found: Unknown @ SDG Group (42.608695652173914%)
2026-05-20 11:02:38,984 - INFO - Match found: Unknown @ SDG Group (42.608695652173914%)
2026-05-20 11:02:38,984 - INFO - Match found: Unknown @ Deloitte Spain (31.304347826086957%)
2026-05-20 11:02:38,984 - INFO - Match found: Unknown @ Deloitte Spain (31.304347826086957%)
2026-05-20 11:02:38,984 - INFO - Match found: Blockchain & Digital Assets @ Deloitte Spain (31.304347826086957%)
2026-05-20 11:02:38,984 - INFO - Match found: Blockchain & Digital Assets @ Deloitte Spain (31.304347826086957%)
2026-05-20 11:02:38,984 - INFO - Match found: Unknown @ Deloitte Spain (31.304347826086957%)
2026-05-20 11:02:38,984 - INFO - Match found: Unknown @ Deloitte Spain (31.304347826086957%)
2026-05-20 11:02:38,984 - INFO - Match found: Blockchain & Digital Assets @ Deloitte Spain (31.304347826086957%)
2026-05-20 11:02:38,984 - INFO - Match found: Blockchain & Digital Assets @ Deloitte Spain (31.304347826086957%)
2026-05-20 11:02:38,984 - INFO - Match found: Unknown @ Deloitte Spain (31.304347826086957%)
2026-05-20 11:02:38,984 - INFO - Match found: Unknown @ Deloitte Spain (31.304347826086957%)
2026-05-20 11:02:38,984 - INFO - Match found: Blockchain & Digital Assets @ Deloitte Spain (31.304347826086957%)
2026-05-20 11:02:38,984 - INFO - Match found: Blockchain & Digital Assets @ Deloitte Spain (31.304347826086957%)
2026-05-20 11:02:38,984 - INFO - Match found: Unknown @ Deloitte Spain (31.304347826086957%)
2026-05-20 11:02:38,984 - INFO - Match found: Unknown @ Deloitte Spain (31.304347826086957%)
2026-05-20 11:02:38,984 - INFO - Match found: Blockchain & Digital Assets @ Deloitte Spain (31.304347826086957%)
2026-05-20 11:02:38,984 - INFO - Match found: Blockchain & Digital Assets @ Deloitte Spain (31.304347826086957%)
2026-05-20 11:02:38,984 - INFO - Match found: Unknown @ Deloitte Spain (31.304347826086957%)
2026-05-20 11:02:38,984 - INFO - Match found: Unknown @ Deloitte Spain (31.304347826086957%)
2026-05-20 11:02:38,984 - INFO - Match found: Early careers @ Deloitte Spain (41.30434782608695%)
2026-05-20 11:02:38,984 - INFO - Match found: Early careers @ Deloitte Spain (41.30434782608695%)
2026-05-20 11:02:38,984 - INFO - Match found: Unknown @ Deloitte Spain (31.304347826086957%)
2026-05-20 11:02:38,984 - INFO - Match found: Unknown @ Deloitte Spain (31.304347826086957%)
2026-05-20 11:02:38,984 - INFO - Match found: Experienced professionals @ Deloitte Spain (31.304347826086957%)
2026-05-20 11:02:38,984 - INFO - Match found: Experienced professionals @ Deloitte Spain (31.304347826086957%)
2026-05-20 11:02:38,984 - INFO - Match found: Unknown @ Deloitte Spain (31.304347826086957%)
2026-05-20 11:02:38,984 - INFO - Match found: Unknown @ Deloitte Spain (31.304347826086957%)
2026-05-20 11:02:38,985 - INFO - Match found: Life at Deloitte @ Deloitte Spain (31.304347826086957%)
2026-05-20 11:02:38,985 - INFO - Match found: Life at Deloitte @ Deloitte Spain (31.304347826086957%)
2026-05-20 11:02:38,985 - INFO - Match found: Unknown @ Accenture Spain (31.304347826086957%)
2026-05-20 11:02:38,985 - INFO - Match found: Unknown @ Accenture Spain (31.304347826086957%)
2026-05-20 11:02:38,985 - INFO - Match found: Unknown @ Accenture Spain (31.304347826086957%)
2026-05-20 11:02:38,985 - INFO - Match found: Unknown @ Accenture Spain (31.304347826086957%)
2026-05-20 11:02:38,985 - INFO - Match found: Unknown @ Accenture Spain (31.304347826086957%)
2026-05-20 11:02:38,985 - INFO - Match found: Unknown @ Accenture Spain (31.304347826086957%)
2026-05-20 11:02:38,985 - INFO - Match found: Unknown @ Accenture Spain (31.304347826086957%)
2026-05-20 11:02:38,985 - INFO - Match found: Unknown @ Accenture Spain (31.304347826086957%)
2026-05-20 11:02:38,985 - INFO - Match found: Unknown @ Accenture Spain (31.304347826086957%)
2026-05-20 11:02:38,985 - INFO - Match found: Unknown @ Technip Energies (31.304347826086957%)
2026-05-20 11:02:38,985 - INFO - Match found: Unknown @ Technip Energies (31.304347826086957%)
2026-05-20 11:02:38,985 - INFO - Match found: Unknown @ Accenture Spain (31.304347826086957%)
2026-05-20 11:02:38,985 - INFO - Match found: Unknown @ Technip Energies (31.304347826086957%)
2026-05-20 11:02:38,985 - INFO - Match found: Unknown @ Technip Energies (31.304347826086957%)
2026-05-20 11:02:38,985 - INFO - Match found: Unknown @ Technip Energies (31.304347826086957%)
2026-05-20 11:02:38,985 - INFO - Match found: Unknown @ Technip Energies (31.304347826086957%)
2026-05-20 11:02:38,985 - INFO - Match found: Unknown @ Technip Energies (31.304347826086957%)
2026-05-20 11:02:38,985 - INFO - Match found: Unknown @ Technip Energies (31.304347826086957%)
2026-05-20 11:02:38,985 - INFO - Match found: Unknown @ Technip Energies (31.304347826086957%)
2026-05-20 11:02:38,985 - INFO - Match found: Unknown @ Technip Energies (31.304347826086957%)
2026-05-20 11:02:38,985 - INFO - Match found: Unknown @ Technip Energies (31.304347826086957%)
2026-05-20 11:02:38,985 - INFO - Match found: Unknown @ Technip Energies (31.304347826086957%)
2026-05-20 11:02:38,985 - INFO - Match found: Unknown @ Technip Energies (31.304347826086957%)
2026-05-20 11:02:38,985 - INFO - Match found: Unknown @ Technip Energies (31.304347826086957%)
2026-05-20 11:02:38,985 - INFO - Match found: Unknown @ Technip Energies (31.304347826086957%)
2026-05-20 11:02:38,985 - INFO - Match found: Unknown @ Technip Energies (31.304347826086957%)
2026-05-20 11:02:38,985 - INFO - Match found: Unknown @ Technip Energies (31.304347826086957%)
2026-05-20 11:02:38,985 - INFO - Match found: Unknown @ Technip Energies (31.304347826086957%)
2026-05-20 11:02:38,985 - INFO - Match found: Unknown @ Technip Energies (31.304347826086957%)
2026-05-20 11:02:38,985 - INFO - Match found: Unknown @ Technip Energies (31.304347826086957%)
2026-05-20 11:02:38,985 - INFO - Match found: Unknown @ Technip Energies (31.304347826086957%)
2026-05-20 11:02:38,985 - INFO - Match found: Unknown @ Technip Energies (31.304347826086957%)
2026-05-20 11:02:38,986 - INFO - Match found: Unknown @ Technip Energies (31.304347826086957%)
2026-05-20 11:02:38,986 - INFO - Match found: Unknown @ Technip Energies (31.304347826086957%)
2026-05-20 11:02:38,986 - INFO - Match found: Unknown @ Technip Energies (31.304347826086957%)
2026-05-20 11:02:38,986 - INFO - Match found: Unknown @ Technip Energies (31.304347826086957%)
2026-05-20 11:02:38,986 - INFO - Match found: Unknown @ Technip Energies (31.304347826086957%)
2026-05-20 11:02:38,986 - INFO - Match found: Unknown @ Technip Energies (31.304347826086957%)
2026-05-20 11:02:38,986 - INFO - Match found: Unknown @ Technip Energies (31.304347826086957%)
2026-05-20 11:02:38,986 - INFO - Match found: Unknown @ Technip Energies (31.304347826086957%)
2026-05-20 11:02:38,986 - INFO - Match found: Unknown @ Technip Energies (31.304347826086957%)
2026-05-20 11:02:38,986 - INFO - Match found: Unknown @ Technip Energies (31.304347826086957%)
2026-05-20 11:02:38,986 - INFO - Match found: Unknown @ Technip Energies (31.304347826086957%)
2026-05-20 11:02:38,986 - INFO - Match found: Unknown @ Technip Energies (31.304347826086957%)
2026-05-20 11:02:38,986 - INFO - Match found: Unknown @ Technip Energies (31.304347826086957%)
2026-05-20 11:02:38,986 - INFO - Match found: Unknown @ Technip Energies (31.304347826086957%)
2026-05-20 11:02:38,986 - INFO - Match found: Unknown @ Technip Energies (31.304347826086957%)
2026-05-20 11:02:38,986 - INFO - Match found: Unknown @ Technip Energies (31.304347826086957%)
2026-05-20 11:02:38,986 - INFO - Match found: Unknown @ Technip Energies (31.304347826086957%)
2026-05-20 11:02:38,986 - INFO - Match found: Unknown @ Technip Energies (31.304347826086957%)
2026-05-20 11:02:38,986 - INFO - Match found: Unknown @ Technip Energies (32.608695652173914%)
2026-05-20 11:02:38,986 - INFO - Match found: Unknown @ Technip Energies (32.608695652173914%)
2026-05-20 11:02:38,986 - INFO - Match found: Unknown @ Technip Energies (31.304347826086957%)
2026-05-20 11:02:38,986 - INFO - Match found: Unknown @ Technip Energies (31.304347826086957%)
2026-05-20 11:02:38,986 - INFO - Match found: Unknown @ Technip Energies (31.304347826086957%)
2026-05-20 11:02:38,986 - INFO - Match found: Unknown @ Technip Energies (31.304347826086957%)
2026-05-20 11:02:38,986 - INFO - Match found: Unknown @ Valmet (26.0%)
2026-05-20 11:02:38,986 - INFO - Match found: Unknown @ Valmet (26.0%)
2026-05-20 11:02:38,986 - INFO - Match found: Unknown @ Valmet (26.0%)
2026-05-20 11:02:38,986 - INFO - Match found: Unknown @ Valmet (26.0%)
2026-05-20 11:02:38,986 - INFO - Match found: Unknown @ Valmet (26.0%)
2026-05-20 11:02:38,986 - INFO - Match found: Unknown @ Valmet (26.0%)
2026-05-20 11:02:38,986 - INFO - Match found: Unknown @ Elis Spain (31.304347826086957%)
2026-05-20 11:02:38,986 - INFO - Match found: Unknown @ Elis Spain (31.304347826086957%)
2026-05-20 11:02:38,986 - INFO - Match found: Unknown @ Elis Spain (31.304347826086957%)
2026-05-20 11:02:38,986 - INFO - Match found: Unknown @ Elis Spain (31.304347826086957%)
2026-05-20 11:02:38,986 - INFO - Match found: Unknown @ Elis Spain (31.304347826086957%)
2026-05-20 11:02:38,986 - INFO - Match found: Unknown @ Elis Spain (31.304347826086957%)
2026-05-20 11:02:38,986 - INFO - Match found: Unknown @ Elis Spain (31.304347826086957%)
2026-05-20 11:02:38,986 - INFO - Match found: Unknown @ Elis Spain (31.304347826086957%)
2026-05-20 11:02:38,987 - INFO - Match found: Unknown @ Elis Spain (31.304347826086957%)
2026-05-20 11:02:38,987 - INFO - Match found: Unknown @ Elis Spain (31.304347826086957%)
2026-05-20 11:02:38,987 - INFO - Match found: Unknown @ Elis Spain (31.304347826086957%)
2026-05-20 11:02:38,987 - INFO - Match found: Unknown @ Elis Spain (31.304347826086957%)
2026-05-20 11:02:38,987 - INFO - Match found: Job offers @ Elis Spain (31.304347826086957%)
2026-05-20 11:02:38,987 - INFO - Match found: Job offers @ Elis Spain (31.304347826086957%)
2026-05-20 11:02:38,987 - INFO - Match found: Unknown @ Elis Spain (31.304347826086957%)
2026-05-20 11:02:38,987 - INFO - Match found: Unknown @ Elis Spain (31.304347826086957%)
2026-05-20 11:02:38,987 - INFO - Match found: Unknown @ Elis Spain (31.304347826086957%)
2026-05-20 11:02:38,987 - INFO - Match found: Unknown @ Elis Spain (31.304347826086957%)
2026-05-20 11:02:38,987 - INFO - Match found: Unknown @ Elis Spain (31.304347826086957%)
2026-05-20 11:02:38,987 - INFO - Match found: Unknown @ Elis Spain (31.304347826086957%)
2026-05-20 11:02:38,987 - INFO - Match found: Unknown @ Elis Spain (31.304347826086957%)
2026-05-20 11:02:38,987 - INFO - Match found: Unknown @ Elis Spain (31.304347826086957%)
2026-05-20 11:02:38,987 - INFO - Match found: Unknown @ Elis Spain (31.304347826086957%)
2026-05-20 11:02:38,987 - INFO - Match found: Unknown @ Elis Spain (31.304347826086957%)
2026-05-20 11:02:38,987 - INFO - Match found: Unknown @ Elis Spain (31.304347826086957%)
2026-05-20 11:02:38,987 - INFO - Match found: Unknown @ Elis Spain (31.304347826086957%)
2026-05-20 11:02:38,987 - INFO - Match found: Unknown @ Elis Spain (31.304347826086957%)
2026-05-20 11:02:38,987 - INFO - Match found: Unknown @ Elis Spain (31.304347826086957%)
2026-05-20 11:02:38,987 - INFO - Match found: Unknown @ Elis Spain (31.304347826086957%)
2026-05-20 11:02:38,987 - INFO - Match found: Unknown @ Elis Spain (31.304347826086957%)
2026-05-20 11:02:38,987 - INFO - Match found: Unknown @ Elis Spain (31.304347826086957%)
2026-05-20 11:02:38,987 - INFO - Match found: Unknown @ Elis Spain (31.304347826086957%)
2026-05-20 11:02:38,987 - INFO - Match found: Unknown @ Elis Spain (31.304347826086957%)
2026-05-20 11:02:38,987 - INFO - Match found: Unknown @ Elis Spain (31.304347826086957%)
2026-05-20 11:02:38,987 - INFO - Match found: Unknown @ Elis Spain (31.304347826086957%)
2026-05-20 11:02:38,987 - INFO - Match found: Unknown @ Elis Spain (31.304347826086957%)
2026-05-20 11:02:38,987 - INFO - Match found: Unknown @ Elis Spain (41.30434782608695%)
2026-05-20 11:02:38,987 - INFO - Match found: Unknown @ Elis Spain (41.30434782608695%)
2026-05-20 11:02:38,987 - INFO - Match found: Unknown @ Elis Spain (41.30434782608695%)
2026-05-20 11:02:38,987 - INFO - Match found: Unknown @ Elis Spain (41.30434782608695%)
2026-05-20 11:02:38,987 - INFO - Match found: Unknown @ Elis Spain (41.30434782608695%)
2026-05-20 11:02:38,987 - INFO - Match found: Unknown @ Elis Spain (41.30434782608695%)
2026-05-20 11:02:38,987 - INFO - Match found: Unknown @ Elis Spain (31.304347826086957%)
2026-05-20 11:02:38,987 - INFO - Match found: Unknown @ Elis Spain (31.304347826086957%)
2026-05-20 11:02:38,987 - INFO - Match found: Unknown @ Elis Spain (31.304347826086957%)
2026-05-20 11:02:38,987 - INFO - Match found: Unknown @ Elis Spain (31.304347826086957%)
2026-05-20 11:02:38,988 - INFO - Match found: Unknown @ Elis Spain (31.304347826086957%)
2026-05-20 11:02:38,988 - INFO - Match found: Unknown @ Elis Spain (31.304347826086957%)
2026-05-20 11:02:38,988 - INFO - Match found: Unknown @ Elis Spain (31.304347826086957%)
2026-05-20 11:02:38,988 - INFO - Match found: Unknown @ Elis Spain (31.304347826086957%)
2026-05-20 11:02:38,988 - INFO - Match found: Unknown @ Elis Spain (31.304347826086957%)
2026-05-20 11:02:38,988 - INFO - Match found: Unknown @ Elis Spain (31.304347826086957%)
2026-05-20 11:02:38,988 - INFO - Match found: Unknown @ Elis Spain (31.304347826086957%)
2026-05-20 11:02:38,988 - INFO - Match found: Unknown @ Elis Spain (31.304347826086957%)
2026-05-20 11:02:38,988 - INFO - Match found: Unknown @ Elis Spain (31.304347826086957%)
2026-05-20 11:02:38,988 - INFO - Match found: Unknown @ Elis Spain (31.304347826086957%)
2026-05-20 11:02:38,988 - INFO - Match found: Unknown @ BonÀrea (21.304347826086957%)
2026-05-20 11:02:38,988 - INFO - Match found: Unknown @ BonÀrea (21.304347826086957%)
2026-05-20 11:02:38,988 - INFO - Match found: Hazte de @ BonÀrea (31.304347826086957%)
2026-05-20 11:02:38,988 - INFO - Match found: Hazte de @ BonÀrea (31.304347826086957%)
2026-05-20 11:02:38,988 - INFO - Found 88 matching jobs
2026-05-20 11:02:38,988 - INFO - Found 88 matching jobs
2026-05-20 11:02:38,988 - INFO - Sending email notifications...
2026-05-20 11:02:38,988 - INFO - Sending email notifications...
2026-05-20 11:02:38,988 - INFO - 📧 Sending notifications for 88 matching jobs
2026-05-20 11:02:38,988 - INFO - 📧 Sending notifications for 88 matching jobs
2026-05-20 11:02:41,015 - INFO - ✅ Email sent for: Unknown @ Revolut
2026-05-20 11:02:41,015 - INFO - ✅ Email sent for: Unknown @ Revolut
2026-05-20 11:02:43,534 - INFO - ✅ Email sent for: Unknown @ Revolut
2026-05-20 11:02:43,534 - INFO - ✅ Email sent for: Unknown @ Revolut
2026-05-20 11:02:44,589 - INFO - ✅ Email sent for: Unknown @ Revolut
2026-05-20 11:02:44,589 - INFO - ✅ Email sent for: Unknown @ Revolut
2026-05-20 11:02:46,262 - INFO - ✅ Email sent for: Unknown @ Revolut
2026-05-20 11:02:46,262 - INFO - ✅ Email sent for: Unknown @ Revolut
2026-05-20 11:02:47,843 - INFO - ✅ Email sent for: Unknown @ Revolut
2026-05-20 11:02:47,843 - INFO - ✅ Email sent for: Unknown @ Revolut
2026-05-20 11:02:49,082 - INFO - ✅ Email sent for: Unknown @ Revolut
2026-05-20 11:02:49,082 - INFO - ✅ Email sent for: Unknown @ Revolut
2026-05-20 11:02:50,185 - INFO - ✅ Email sent for: Unknown @ Revolut
2026-05-20 11:02:50,185 - INFO - ✅ Email sent for: Unknown @ Revolut
2026-05-20 11:02:51,814 - INFO - ✅ Email sent for: Unknown @ Revolut
2026-05-20 11:02:51,814 - INFO - ✅ Email sent for: Unknown @ Revolut
2026-05-20 11:02:52,974 - INFO - ✅ Email sent for: Unknown @ Revolut
2026-05-20 11:02:52,974 - INFO - ✅ Email sent for: Unknown @ Revolut
2026-05-20 11:02:54,000 - INFO - ✅ Email sent for: Unknown @ Revolut
2026-05-20 11:02:54,000 - INFO - ✅ Email sent for: Unknown @ Revolut
2026-05-20 11:02:55,250 - INFO - ✅ Email sent for: Unknown @ Revolut
2026-05-20 11:02:55,250 - INFO - ✅ Email sent for: Unknown @ Revolut
2026-05-20 11:02:56,372 - INFO - ✅ Email sent for: Jump with us! @ SDG Group
2026-05-20 11:02:56,372 - INFO - ✅ Email sent for: Jump with us! @ SDG Group
2026-05-20 11:02:57,272 - INFO - ✅ Email sent for: Unknown @ SDG Group
2026-05-20 11:02:57,272 - INFO - ✅ Email sent for: Unknown @ SDG Group
2026-05-20 11:02:58,196 - INFO - ✅ Email sent for: Unknown @ Deloitte Spain
2026-05-20 11:02:58,196 - INFO - ✅ Email sent for: Unknown @ Deloitte Spain
2026-05-20 11:02:59,068 - INFO - ✅ Email sent for: Blockchain & Digital Assets @ Deloitte Spain
2026-05-20 11:02:59,068 - INFO - ✅ Email sent for: Blockchain & Digital Assets @ Deloitte Spain
2026-05-20 11:02:59,862 - INFO - ✅ Email sent for: Unknown @ Deloitte Spain
2026-05-20 11:02:59,862 - INFO - ✅ Email sent for: Unknown @ Deloitte Spain
2026-05-20 11:03:00,775 - INFO - ✅ Email sent for: Blockchain & Digital Assets @ Deloitte Spain
2026-05-20 11:03:00,775 - INFO - ✅ Email sent for: Blockchain & Digital Assets @ Deloitte Spain
2026-05-20 11:03:02,908 - INFO - ✅ Email sent for: Unknown @ Deloitte Spain
2026-05-20 11:03:02,908 - INFO - ✅ Email sent for: Unknown @ Deloitte Spain
2026-05-20 11:03:03,732 - INFO - ✅ Email sent for: Blockchain & Digital Assets @ Deloitte Spain
2026-05-20 11:03:03,732 - INFO - ✅ Email sent for: Blockchain & Digital Assets @ Deloitte Spain
2026-05-20 11:03:04,549 - INFO - ✅ Email sent for: Unknown @ Deloitte Spain
2026-05-20 11:03:04,549 - INFO - ✅ Email sent for: Unknown @ Deloitte Spain
2026-05-20 11:03:05,412 - INFO - ✅ Email sent for: Blockchain & Digital Assets @ Deloitte Spain
2026-05-20 11:03:05,412 - INFO - ✅ Email sent for: Blockchain & Digital Assets @ Deloitte Spain
2026-05-20 11:03:06,982 - INFO - ✅ Email sent for: Unknown @ Deloitte Spain
2026-05-20 11:03:06,982 - INFO - ✅ Email sent for: Unknown @ Deloitte Spain
2026-05-20 11:03:07,837 - INFO - ✅ Email sent for: Early careers @ Deloitte Spain
2026-05-20 11:03:07,837 - INFO - ✅ Email sent for: Early careers @ Deloitte Spain
2026-05-20 11:03:08,988 - INFO - ✅ Email sent for: Unknown @ Deloitte Spain
2026-05-20 11:03:08,988 - INFO - ✅ Email sent for: Unknown @ Deloitte Spain
2026-05-20 11:03:10,826 - INFO - ✅ Email sent for: Experienced professionals @ Deloitte Spain
2026-05-20 11:03:10,826 - INFO - ✅ Email sent for: Experienced professionals @ Deloitte Spain
2026-05-20 11:03:12,098 - INFO - ✅ Email sent for: Unknown @ Deloitte Spain
2026-05-20 11:03:12,098 - INFO - ✅ Email sent for: Unknown @ Deloitte Spain
2026-05-20 11:03:13,383 - INFO - ✅ Email sent for: Life at Deloitte @ Deloitte Spain
2026-05-20 11:03:13,383 - INFO - ✅ Email sent for: Life at Deloitte @ Deloitte Spain
2026-05-20 11:03:14,864 - INFO - ✅ Email sent for: Unknown @ Accenture Spain
2026-05-20 11:03:14,864 - INFO - ✅ Email sent for: Unknown @ Accenture Spain
2026-05-20 11:03:16,745 - INFO - ✅ Email sent for: Unknown @ Accenture Spain
2026-05-20 11:03:16,745 - INFO - ✅ Email sent for: Unknown @ Accenture Spain
2026-05-20 11:03:17,772 - INFO - ✅ Email sent for: Unknown @ Accenture Spain
2026-05-20 11:03:17,772 - INFO - ✅ Email sent for: Unknown @ Accenture Spain
2026-05-20 11:03:18,867 - INFO - ✅ Email sent for: Unknown @ Accenture Spain
2026-05-20 11:03:18,867 - INFO - ✅ Email sent for: Unknown @ Accenture Spain
2026-05-20 11:03:20,030 - INFO - ✅ Email sent for: Unknown @ Accenture Spain
2026-05-20 11:03:20,030 - INFO - ✅ Email sent for: Unknown @ Accenture Spain
2026-05-20 11:03:21,164 - INFO - ✅ Email sent for: Unknown @ Technip Energies
2026-05-20 11:03:21,164 - INFO - ✅ Email sent for: Unknown @ Technip Energies
2026-05-20 11:03:21,986 - INFO - ✅ Email sent for: Unknown @ Technip Energies
2026-05-20 11:03:21,986 - INFO - ✅ Email sent for: Unknown @ Technip Energies
2026-05-20 11:03:22,806 - INFO - ✅ Email sent for: Unknown @ Technip Energies
2026-05-20 11:03:22,806 - INFO - ✅ Email sent for: Unknown @ Technip Energies
2026-05-20 11:03:23,800 - INFO - ✅ Email sent for: Unknown @ Technip Energies
2026-05-20 11:03:23,800 - INFO - ✅ Email sent for: Unknown @ Technip Energies
2026-05-20 11:03:24,665 - INFO - ✅ Email sent for: Unknown @ Technip Energies
2026-05-20 11:03:24,665 - INFO - ✅ Email sent for: Unknown @ Technip Energies
2026-05-20 11:03:25,537 - INFO - ✅ Email sent for: Unknown @ Technip Energies
2026-05-20 11:03:25,537 - INFO - ✅ Email sent for: Unknown @ Technip Energies
2026-05-20 11:03:26,384 - INFO - ✅ Email sent for: Unknown @ Technip Energies
2026-05-20 11:03:26,384 - INFO - ✅ Email sent for: Unknown @ Technip Energies
2026-05-20 11:03:27,411 - INFO - ✅ Email sent for: Unknown @ Technip Energies
2026-05-20 11:03:27,411 - INFO - ✅ Email sent for: Unknown @ Technip Energies
2026-05-20 11:03:28,488 - INFO - ✅ Email sent for: Unknown @ Technip Energies
2026-05-20 11:03:28,488 - INFO - ✅ Email sent for: Unknown @ Technip Energies
2026-05-20 11:03:29,639 - INFO - ✅ Email sent for: Unknown @ Technip Energies
2026-05-20 11:03:29,639 - INFO - ✅ Email sent for: Unknown @ Technip Energies
2026-05-20 11:03:30,695 - INFO - ✅ Email sent for: Unknown @ Technip Energies
2026-05-20 11:03:30,695 - INFO - ✅ Email sent for: Unknown @ Technip Energies
2026-05-20 11:03:32,438 - INFO - ✅ Email sent for: Unknown @ Technip Energies
2026-05-20 11:03:32,438 - INFO - ✅ Email sent for: Unknown @ Technip Energies
2026-05-20 11:03:33,982 - INFO - ✅ Email sent for: Unknown @ Technip Energies
2026-05-20 11:03:33,982 - INFO - ✅ Email sent for: Unknown @ Technip Energies
2026-05-20 11:03:35,054 - INFO - ✅ Email sent for: Unknown @ Technip Energies
2026-05-20 11:03:35,054 - INFO - ✅ Email sent for: Unknown @ Technip Energies
2026-05-20 11:03:35,953 - INFO - ✅ Email sent for: Unknown @ Technip Energies
2026-05-20 11:03:35,953 - INFO - ✅ Email sent for: Unknown @ Technip Energies
2026-05-20 11:03:39,615 - INFO - ✅ Email sent for: Unknown @ Technip Energies
2026-05-20 11:03:39,615 - INFO - ✅ Email sent for: Unknown @ Technip Energies
2026-05-20 11:03:40,858 - INFO - ✅ Email sent for: Unknown @ Technip Energies
2026-05-20 11:03:40,858 - INFO - ✅ Email sent for: Unknown @ Technip Energies
2026-05-20 11:03:42,128 - INFO - ✅ Email sent for: Unknown @ Technip Energies
2026-05-20 11:03:42,128 - INFO - ✅ Email sent for: Unknown @ Technip Energies
2026-05-20 11:03:43,145 - INFO - ✅ Email sent for: Unknown @ Technip Energies
2026-05-20 11:03:43,145 - INFO - ✅ Email sent for: Unknown @ Technip Energies
2026-05-20 11:03:44,062 - INFO - ✅ Email sent for: Unknown @ Technip Energies
2026-05-20 11:03:44,062 - INFO - ✅ Email sent for: Unknown @ Technip Energies
2026-05-20 11:03:46,078 - INFO - ✅ Email sent for: Unknown @ Technip Energies
2026-05-20 11:03:46,078 - INFO - ✅ Email sent for: Unknown @ Technip Energies
2026-05-20 11:03:47,191 - INFO - ✅ Email sent for: Unknown @ Technip Energies
2026-05-20 11:03:47,191 - INFO - ✅ Email sent for: Unknown @ Technip Energies
2026-05-20 11:03:48,028 - INFO - ✅ Email sent for: Unknown @ Technip Energies
2026-05-20 11:03:48,028 - INFO - ✅ Email sent for: Unknown @ Technip Energies
2026-05-20 11:03:48,834 - INFO - ✅ Email sent for: Unknown @ Valmet
2026-05-20 11:03:48,834 - INFO - ✅ Email sent for: Unknown @ Valmet
2026-05-20 11:03:49,658 - INFO - ✅ Email sent for: Unknown @ Valmet
2026-05-20 11:03:49,658 - INFO - ✅ Email sent for: Unknown @ Valmet
2026-05-20 11:03:50,570 - INFO - ✅ Email sent for: Unknown @ Valmet
2026-05-20 11:03:50,570 - INFO - ✅ Email sent for: Unknown @ Valmet
2026-05-20 11:03:51,582 - INFO - ✅ Email sent for: Unknown @ Elis Spain
2026-05-20 11:03:51,582 - INFO - ✅ Email sent for: Unknown @ Elis Spain
2026-05-20 11:03:53,134 - INFO - ✅ Email sent for: Unknown @ Elis Spain
2026-05-20 11:03:53,134 - INFO - ✅ Email sent for: Unknown @ Elis Spain
2026-05-20 11:03:54,213 - INFO - ✅ Email sent for: Unknown @ Elis Spain
2026-05-20 11:03:54,213 - INFO - ✅ Email sent for: Unknown @ Elis Spain
2026-05-20 11:03:55,127 - INFO - ✅ Email sent for: Unknown @ Elis Spain
2026-05-20 11:03:55,127 - INFO - ✅ Email sent for: Unknown @ Elis Spain
2026-05-20 11:03:55,974 - INFO - ✅ Email sent for: Unknown @ Elis Spain
2026-05-20 11:03:55,974 - INFO - ✅ Email sent for: Unknown @ Elis Spain
2026-05-20 11:03:56,831 - INFO - ✅ Email sent for: Unknown @ Elis Spain
2026-05-20 11:03:56,831 - INFO - ✅ Email sent for: Unknown @ Elis Spain
2026-05-20 11:03:57,815 - INFO - ✅ Email sent for: Job offers @ Elis Spain
2026-05-20 11:03:57,815 - INFO - ✅ Email sent for: Job offers @ Elis Spain
2026-05-20 11:04:00,787 - INFO - ✅ Email sent for: Unknown @ Elis Spain
2026-05-20 11:04:00,787 - INFO - ✅ Email sent for: Unknown @ Elis Spain
2026-05-20 11:04:03,598 - INFO - ✅ Email sent for: Unknown @ Elis Spain
2026-05-20 11:04:03,598 - INFO - ✅ Email sent for: Unknown @ Elis Spain
2026-05-20 11:04:05,458 - INFO - ✅ Email sent for: Unknown @ Elis Spain
2026-05-20 11:04:05,458 - INFO - ✅ Email sent for: Unknown @ Elis Spain
2026-05-20 11:04:07,105 - INFO - ✅ Email sent for: Unknown @ Elis Spain
2026-05-20 11:04:07,105 - INFO - ✅ Email sent for: Unknown @ Elis Spain
2026-05-20 11:04:08,176 - INFO - ✅ Email sent for: Unknown @ Elis Spain
2026-05-20 11:04:08,176 - INFO - ✅ Email sent for: Unknown @ Elis Spain
2026-05-20 11:04:09,092 - INFO - ✅ Email sent for: Unknown @ Elis Spain
2026-05-20 11:04:09,092 - INFO - ✅ Email sent for: Unknown @ Elis Spain
2026-05-20 11:04:10,260 - INFO - ✅ Email sent for: Unknown @ Elis Spain
2026-05-20 11:04:10,260 - INFO - ✅ Email sent for: Unknown @ Elis Spain
2026-05-20 11:04:11,103 - INFO - ✅ Email sent for: Unknown @ Elis Spain
2026-05-20 11:04:11,103 - INFO - ✅ Email sent for: Unknown @ Elis Spain
2026-05-20 11:04:12,333 - INFO - ✅ Email sent for: Unknown @ Elis Spain
2026-05-20 11:04:12,333 - INFO - ✅ Email sent for: Unknown @ Elis Spain
2026-05-20 11:04:13,237 - INFO - ✅ Email sent for: Unknown @ Elis Spain
2026-05-20 11:04:13,237 - INFO - ✅ Email sent for: Unknown @ Elis Spain
2026-05-20 11:04:14,091 - INFO - ✅ Email sent for: Unknown @ Elis Spain
2026-05-20 11:04:14,091 - INFO - ✅ Email sent for: Unknown @ Elis Spain
2026-05-20 11:04:15,690 - INFO - ✅ Email sent for: Unknown @ Elis Spain
2026-05-20 11:04:15,690 - INFO - ✅ Email sent for: Unknown @ Elis Spain
2026-05-20 11:04:16,503 - INFO - ✅ Email sent for: Unknown @ Elis Spain
2026-05-20 11:04:16,503 - INFO - ✅ Email sent for: Unknown @ Elis Spain
2026-05-20 11:04:17,350 - INFO - ✅ Email sent for: Unknown @ Elis Spain
2026-05-20 11:04:17,350 - INFO - ✅ Email sent for: Unknown @ Elis Spain
2026-05-20 11:04:18,187 - INFO - ✅ Email sent for: Unknown @ Elis Spain
2026-05-20 11:04:18,187 - INFO - ✅ Email sent for: Unknown @ Elis Spain
2026-05-20 11:04:19,096 - INFO - ✅ Email sent for: Unknown @ Elis Spain
2026-05-20 11:04:19,096 - INFO - ✅ Email sent for: Unknown @ Elis Spain
2026-05-20 11:04:19,973 - INFO - ✅ Email sent for: Unknown @ Elis Spain
2026-05-20 11:04:19,973 - INFO - ✅ Email sent for: Unknown @ Elis Spain
2026-05-20 11:04:20,993 - INFO - ✅ Email sent for: Unknown @ Elis Spain
2026-05-20 11:04:20,993 - INFO - ✅ Email sent for: Unknown @ Elis Spain
2026-05-20 11:04:21,828 - INFO - ✅ Email sent for: Unknown @ Elis Spain
2026-05-20 11:04:21,828 - INFO - ✅ Email sent for: Unknown @ Elis Spain
2026-05-20 11:04:23,470 - INFO - ✅ Email sent for: Unknown @ Elis Spain
2026-05-20 11:04:23,470 - INFO - ✅ Email sent for: Unknown @ Elis Spain
2026-05-20 11:04:24,286 - INFO - ✅ Email sent for: Unknown @ Elis Spain
2026-05-20 11:04:24,286 - INFO - ✅ Email sent for: Unknown @ Elis Spain
2026-05-20 11:04:26,219 - INFO - ✅ Email sent for: Unknown @ BonÀrea
2026-05-20 11:04:26,219 - INFO - ✅ Email sent for: Unknown @ BonÀrea
2026-05-20 11:04:27,916 - INFO - ✅ Email sent for: Hazte de @ BonÀrea
2026-05-20 11:04:27,916 - INFO - ✅ Sent 88/88 notifications
2026-05-20 11:04:27,916 - INFO - ✅ Email sent for: Hazte de @ BonÀrea
2026-05-20 11:04:27,916 - INFO - ✅ Sent 88/88 notifications
2026-05-20 11:04:27,917 - INFO - Job database updated: 88 new jobs, 88 total
2026-05-20 11:04:27,917 - INFO - Job database updated: 88 new jobs, 88 total
2026-05-20 11:04:27,918 - INFO - ============================================================
2026-05-20 11:04:27,918 - INFO - ============================================================
2026-05-20 11:04:27,918 - INFO - Job Scout Pipeline Completed
2026-05-20 11:04:27,918 - INFO - Job Scout Pipeline Completed
2026-05-20 11:04:27,918 - INFO - ============================================================
2026-05-20 11:04:27,918 - INFO - ============================================================
2026-05-20 15:36:12,422 - INFO - ============================================================
2026-05-20 15:36:12,422 - INFO - Job Scout Pipeline Started
2026-05-20 15:36:12,422 - INFO - ============================================================
2026-05-20 15:36:12,422 - INFO - Job Scout Pipeline Started
2026-05-20 15:36:12,422 - INFO - ============================================================
2026-05-20 15:36:12,422 - INFO - ============================================================
2026-05-20 15:36:12,423 - INFO - Starting scrape for 50 companies
2026-05-20 15:36:12,423 - INFO - Starting scrape for 50 companies
2026-05-20 15:36:12,423 - INFO - Scraping Revolut...
2026-05-20 15:36:12,423 - INFO - Scraping Revolut...
2026-05-20 15:36:12,971 - INFO - Scraping Schneider Electric...
2026-05-20 15:36:12,971 - INFO - Scraping Schneider Electric...
2026-05-20 15:36:13,046 - WARNING - Network error for Schneider Electric: HTTPSConnectionPool(host='careers.schneider-electric.com', port=443): Max retries exceeded with url: / (Caused by NameResolutionError("HTTPSConnection(host='careers.schneider-electric.com', port=443): Failed to resolve 'careers.schneider-electric.com' ([Errno -2] Name or service not known)"))
2026-05-20 15:36:13,046 - WARNING - Network error for Schneider Electric: HTTPSConnectionPool(host='careers.schneider-electric.com', port=443): Max retries exceeded with url: / (Caused by NameResolutionError("HTTPSConnection(host='careers.schneider-electric.com', port=443): Failed to resolve 'careers.schneider-electric.com' ([Errno -2] Name or service not known)"))
2026-05-20 15:36:13,046 - INFO - Scraping Eiffage Energía...
2026-05-20 15:36:13,046 - INFO - Scraping Eiffage Energía...
2026-05-20 15:36:13,678 - WARNING - Network error for Eiffage Energía: 404 Client Error: Not Found for url: https://www.eiffage.com/es/careers
2026-05-20 15:36:13,678 - WARNING - Network error for Eiffage Energía: 404 Client Error: Not Found for url: https://www.eiffage.com/es/careers
2026-05-20 15:36:13,679 - INFO - Scraping Mecalux...
2026-05-20 15:36:13,679 - INFO - Scraping Mecalux...
2026-05-20 15:36:15,388 - WARNING - Network error for Mecalux: 404 Client Error: 404 for url: https://www.mecalux.es/careers
2026-05-20 15:36:15,388 - WARNING - Network error for Mecalux: 404 Client Error: 404 for url: https://www.mecalux.es/careers
2026-05-20 15:36:15,389 - INFO - Scraping Dragados...
2026-05-20 15:36:15,389 - INFO - Scraping Dragados...
2026-05-20 15:36:16,076 - WARNING - Network error for Dragados: 404 Client Error: Not Found for url: https://www.dragados.com/es/careers
2026-05-20 15:36:16,076 - WARNING - Network error for Dragados: 404 Client Error: Not Found for url: https://www.dragados.com/es/careers
2026-05-20 15:36:16,077 - INFO - Scraping Thermo King...
2026-05-20 15:36:16,077 - INFO - Scraping Thermo King...
2026-05-20 15:36:16,361 - INFO - Scraping Oliver Wyman...
2026-05-20 15:36:16,361 - INFO - Scraping Oliver Wyman...
2026-05-20 15:36:17,562 - INFO - Scraping Nexus Energía...
2026-05-20 15:36:17,562 - INFO - Scraping Nexus Energía...
2026-05-20 15:36:17,622 - WARNING - Network error for Nexus Energía: HTTPSConnectionPool(host='www.nexus-energia.com', port=443): Max retries exceeded with url: /careers (Caused by NameResolutionError("HTTPSConnection(host='www.nexus-energia.com', port=443): Failed to resolve 'www.nexus-energia.com' ([Errno -2] Name or service not known)"))
2026-05-20 15:36:17,622 - WARNING - Network error for Nexus Energía: HTTPSConnectionPool(host='www.nexus-energia.com', port=443): Max retries exceeded with url: /careers (Caused by NameResolutionError("HTTPSConnection(host='www.nexus-energia.com', port=443): Failed to resolve 'www.nexus-energia.com' ([Errno -2] Name or service not known)"))
2026-05-20 15:36:17,622 - INFO - Scraping ENGIE...
2026-05-20 15:36:17,622 - INFO - Scraping ENGIE...
2026-05-20 15:36:19,764 - WARNING - Network error for ENGIE: 404 Client Error: Not Found for url: https://www.engie.com/careers
2026-05-20 15:36:19,764 - WARNING - Network error for ENGIE: 404 Client Error: Not Found for url: https://www.engie.com/careers
2026-05-20 15:36:19,765 - INFO - Scraping Danone...
2026-05-20 15:36:19,765 - INFO - Scraping Danone...
2026-05-20 15:36:20,600 - INFO - Scraping Sorigué...
2026-05-20 15:36:20,600 - INFO - Scraping Sorigué...
2026-05-20 15:36:22,131 - WARNING - Network error for Sorigué: 404 Client Error: Not Found for url: https://www.sorigue.com/es/careers
2026-05-20 15:36:22,131 - WARNING - Network error for Sorigué: 404 Client Error: Not Found for url: https://www.sorigue.com/es/careers
2026-05-20 15:36:22,132 - INFO - Scraping SDG Group...
2026-05-20 15:36:22,132 - INFO - Scraping SDG Group...
2026-05-20 15:36:24,078 - INFO - Scraping KPMG Spain...
2026-05-20 15:36:24,078 - INFO - Scraping KPMG Spain...
2026-05-20 15:36:24,327 - WARNING - Network error for KPMG Spain: HTTPSConnectionPool(host='careers.kpmg.es', port=443): Max retries exceeded with url: / (Caused by NameResolutionError("HTTPSConnection(host='careers.kpmg.es', port=443): Failed to resolve 'careers.kpmg.es' ([Errno -2] Name or service not known)"))
2026-05-20 15:36:24,327 - WARNING - Network error for KPMG Spain: HTTPSConnectionPool(host='careers.kpmg.es', port=443): Max retries exceeded with url: / (Caused by NameResolutionError("HTTPSConnection(host='careers.kpmg.es', port=443): Failed to resolve 'careers.kpmg.es' ([Errno -2] Name or service not known)"))
2026-05-20 15:36:24,327 - INFO - Scraping NTT Data...
2026-05-20 15:36:24,327 - INFO - Scraping NTT Data...
2026-05-20 15:36:25,539 - WARNING - Network error for NTT Data: 404 Client Error: Not Found for url: https://www.nttdata.com/global/en/404
2026-05-20 15:36:25,539 - WARNING - Network error for NTT Data: 404 Client Error: Not Found for url: https://www.nttdata.com/global/en/404
2026-05-20 15:36:25,541 - INFO - Scraping HP Spain...
2026-05-20 15:36:25,541 - INFO - Scraping HP Spain...
2026-05-20 15:36:25,585 - WARNING - Network error for HP Spain: HTTPSConnectionPool(host='careers.hp.com', port=443): Max retries exceeded with url: / (Caused by NameResolutionError("HTTPSConnection(host='careers.hp.com', port=443): Failed to resolve 'careers.hp.com' ([Errno -5] No address associated with hostname)"))
2026-05-20 15:36:25,585 - WARNING - Network error for HP Spain: HTTPSConnectionPool(host='careers.hp.com', port=443): Max retries exceeded with url: / (Caused by NameResolutionError("HTTPSConnection(host='careers.hp.com', port=443): Failed to resolve 'careers.hp.com' ([Errno -5] No address associated with hostname)"))
2026-05-20 15:36:25,585 - INFO - Scraping Deloitte Spain...
2026-05-20 15:36:25,585 - INFO - Scraping Deloitte Spain...
2026-05-20 15:36:26,288 - INFO - Scraping PwC Spain...
2026-05-20 15:36:26,288 - INFO - Scraping PwC Spain...
2026-05-20 15:36:27,935 - WARNING - Network error for PwC Spain: 404 Client Error: Not Found for url: https://www.pwc.es/careers
2026-05-20 15:36:27,935 - WARNING - Network error for PwC Spain: 404 Client Error: Not Found for url: https://www.pwc.es/careers
2026-05-20 15:36:27,937 - INFO - Scraping Accenture Spain...
2026-05-20 15:36:27,937 - INFO - Scraping Accenture Spain...
2026-05-20 15:36:28,123 - INFO - Scraping Boston Consulting Group...
2026-05-20 15:36:28,123 - INFO - Scraping Boston Consulting Group...
2026-05-20 15:36:28,302 - WARNING - Network error for Boston Consulting Group: 403 Client Error: Forbidden for url: https://www.bcg.com/careers
2026-05-20 15:36:28,302 - WARNING - Network error for Boston Consulting Group: 403 Client Error: Forbidden for url: https://www.bcg.com/careers
2026-05-20 15:36:28,303 - INFO - Scraping IDOM...
2026-05-20 15:36:28,303 - INFO - Scraping IDOM...
2026-05-20 15:36:30,890 - INFO - Scraping RDT Engineers...
2026-05-20 15:36:30,890 - INFO - Scraping RDT Engineers...
2026-05-20 15:36:32,901 - INFO - Scraping Technip Energies...
2026-05-20 15:36:32,901 - INFO - Scraping Technip Energies...
2026-05-20 15:36:34,105 - INFO - Scraping COMSA...
2026-05-20 15:36:34,105 - INFO - Scraping COMSA...
2026-05-20 15:36:34,257 - WARNING - Network error for COMSA: 403 Client Error: Forbidden for url: https://www.comsa.com/careers
2026-05-20 15:36:34,257 - WARNING - Network error for COMSA: 403 Client Error: Forbidden for url: https://www.comsa.com/careers
2026-05-20 15:36:34,258 - INFO - Scraping Valmet...
2026-05-20 15:36:34,258 - INFO - Scraping Valmet...
2026-05-20 15:36:35,607 - INFO - Scraping CELSA Group...
2026-05-20 15:36:35,607 - INFO - Scraping CELSA Group...
2026-05-20 15:36:36,464 - WARNING - Network error for CELSA Group: 403 Client Error: Forbidden for url: https://www.celsagroup.com/careers
2026-05-20 15:36:36,464 - WARNING - Network error for CELSA Group: 403 Client Error: Forbidden for url: https://www.celsagroup.com/careers
2026-05-20 15:36:36,466 - INFO - Scraping Elecnor...
2026-05-20 15:36:36,466 - INFO - Scraping Elecnor...
2026-05-20 15:36:37,164 - WARNING - Network error for Elecnor: 404 Client Error: Not Found for url: https://www.elecnor.com/careers
2026-05-20 15:36:37,164 - WARNING - Network error for Elecnor: 404 Client Error: Not Found for url: https://www.elecnor.com/careers
2026-05-20 15:36:37,166 - INFO - Scraping Ingerop...
2026-05-20 15:36:37,166 - INFO - Scraping Ingerop...
2026-05-20 15:36:39,351 - WARNING - Network error for Ingerop: 404 Client Error: Not Found for url: https://www.ingerop.com/careers
2026-05-20 15:36:39,351 - WARNING - Network error for Ingerop: 404 Client Error: Not Found for url: https://www.ingerop.com/careers
2026-05-20 15:36:39,352 - INFO - Scraping VINCI...
2026-05-20 15:36:39,352 - INFO - Scraping VINCI...
2026-05-20 15:36:39,847 - WARNING - Network error for VINCI: 418 Client Error: I'm a teapot for url: https://www.vinci.com/careers
2026-05-20 15:36:39,847 - WARNING - Network error for VINCI: 418 Client Error: I'm a teapot for url: https://www.vinci.com/careers
2026-05-20 15:36:39,848 - INFO - Scraping Copisa...
2026-05-20 15:36:39,848 - INFO - Scraping Copisa...
2026-05-20 15:36:41,130 - WARNING - Network error for Copisa: 404 Client Error: Not Found for url: https://copisa.com/careers
2026-05-20 15:36:41,130 - WARNING - Network error for Copisa: 404 Client Error: Not Found for url: https://copisa.com/careers
2026-05-20 15:36:41,132 - INFO - Scraping TYPSA...
2026-05-20 15:36:41,132 - INFO - Scraping TYPSA...
2026-05-20 15:36:42,160 - INFO - Scraping Veolia Spain...
2026-05-20 15:36:42,160 - INFO - Scraping Veolia Spain...
2026-05-20 15:36:43,073 - WARNING - Network error for Veolia Spain: 404 Client Error: Not Found for url: https://www.veolia.com/careers
2026-05-20 15:36:43,073 - WARNING - Network error for Veolia Spain: 404 Client Error: Not Found for url: https://www.veolia.com/careers
2026-05-20 15:36:43,074 - INFO - Scraping Fichtner...
2026-05-20 15:36:43,074 - INFO - Scraping Fichtner...
2026-05-20 15:36:53,358 - WARNING - Network error for Fichtner: HTTPSConnectionPool(host='www.fichtner.com', port=443): Max retries exceeded with url: /careers (Caused by ConnectTimeoutError(<HTTPSConnection(host='www.fichtner.com', port=443) at 0x7fe585ed6ad0>, 'Connection to www.fichtner.com timed out. (connect timeout=10)'))
2026-05-20 15:36:53,358 - INFO - Scraping ProZero...
2026-05-20 15:36:53,358 - WARNING - Network error for Fichtner: HTTPSConnectionPool(host='www.fichtner.com', port=443): Max retries exceeded with url: /careers (Caused by ConnectTimeoutError(<HTTPSConnection(host='www.fichtner.com', port=443) at 0x7fe585ed6ad0>, 'Connection to www.fichtner.com timed out. (connect timeout=10)'))
2026-05-20 15:36:53,358 - INFO - Scraping ProZero...
2026-05-20 15:36:53,830 - WARNING - Network error for ProZero: HTTPSConnectionPool(host='www.prozero.com', port=443): Max retries exceeded with url: /careers (Caused by SSLError(SSLCertVerificationError(1, "[SSL: CERTIFICATE_VERIFY_FAILED] certificate verify failed: Hostname mismatch, certificate is not valid for 'www.prozero.com'. (_ssl.c:1016)")))
2026-05-20 15:36:53,830 - WARNING - Network error for ProZero: HTTPSConnectionPool(host='www.prozero.com', port=443): Max retries exceeded with url: /careers (Caused by SSLError(SSLCertVerificationError(1, "[SSL: CERTIFICATE_VERIFY_FAILED] certificate verify failed: Hostname mismatch, certificate is not valid for 'www.prozero.com'. (_ssl.c:1016)")))
2026-05-20 15:36:53,830 - INFO - Scraping Avesa...
2026-05-20 15:36:53,830 - INFO - Scraping Avesa...
2026-05-20 15:36:54,455 - WARNING - Network error for Avesa: 404 Client Error: Not Found for url: https://www.avesa.es/page-not-found
2026-05-20 15:36:54,455 - WARNING - Network error for Avesa: 404 Client Error: Not Found for url: https://www.avesa.es/page-not-found
2026-05-20 15:36:54,456 - INFO - Scraping Applus IDIADA...
2026-05-20 15:36:54,456 - INFO - Scraping Applus IDIADA...
2026-05-20 15:36:55,871 - WARNING - Network error for Applus IDIADA: 404 Client Error:  for url: https://www.applusidiada.com/careers
2026-05-20 15:36:55,871 - WARNING - Network error for Applus IDIADA: 404 Client Error:  for url: https://www.applusidiada.com/careers
2026-05-20 15:36:55,874 - INFO - Scraping ABB Spain...
2026-05-20 15:36:55,874 - INFO - Scraping ABB Spain...
2026-05-20 15:36:55,897 - WARNING - Network error for ABB Spain: HTTPSConnectionPool(host='careers.abb.com', port=443): Max retries exceeded with url: /es-es (Caused by NameResolutionError("HTTPSConnection(host='careers.abb.com', port=443): Failed to resolve 'careers.abb.com' ([Errno -2] Name or service not known)"))
2026-05-20 15:36:55,897 - WARNING - Network error for ABB Spain: HTTPSConnectionPool(host='careers.abb.com', port=443): Max retries exceeded with url: /es-es (Caused by NameResolutionError("HTTPSConnection(host='careers.abb.com', port=443): Failed to resolve 'careers.abb.com' ([Errno -2] Name or service not known)"))
2026-05-20 15:36:55,897 - INFO - Scraping Henkel Spain...
2026-05-20 15:36:55,897 - INFO - Scraping Henkel Spain...
2026-05-20 15:36:56,861 - INFO - Scraping B. Braun...
2026-05-20 15:36:56,861 - INFO - Scraping B. Braun...
2026-05-20 15:36:57,961 - WARNING - Network error for B. Braun: 404 Client Error: Not Found for url: https://www.bbraun.com/careers.html
2026-05-20 15:36:57,961 - WARNING - Network error for B. Braun: 404 Client Error: Not Found for url: https://www.bbraun.com/careers.html
2026-05-20 15:36:57,963 - INFO - Scraping Unex...
2026-05-20 15:36:57,963 - INFO - Scraping Unex...
2026-05-20 15:36:58,578 - INFO - Scraping Banco Sabadell...
2026-05-20 15:36:58,578 - INFO - Scraping Banco Sabadell...
2026-05-20 15:36:59,097 - WARNING - Network error for Banco Sabadell: 404 Client Error: Not Found for url: https://www.bancsabadell.com/careers
2026-05-20 15:36:59,097 - WARNING - Network error for Banco Sabadell: 404 Client Error: Not Found for url: https://www.bancsabadell.com/careers
2026-05-20 15:36:59,098 - INFO - Scraping Caixa Enginyers...
2026-05-20 15:36:59,098 - INFO - Scraping Caixa Enginyers...
2026-05-20 15:37:00,081 - WARNING - Network error for Caixa Enginyers: 404 Client Error: 404 for url: https://www.caixaenginyers.com/careers
2026-05-20 15:37:00,081 - WARNING - Network error for Caixa Enginyers: 404 Client Error: 404 for url: https://www.caixaenginyers.com/careers
2026-05-20 15:37:00,082 - INFO - Scraping TGW Logistics...
2026-05-20 15:37:00,082 - INFO - Scraping TGW Logistics...
2026-05-20 15:37:04,575 - INFO - Scraping Elis Spain...
2026-05-20 15:37:04,575 - INFO - Scraping Elis Spain...
2026-05-20 15:37:06,670 - INFO - Scraping BonÀrea...
2026-05-20 15:37:06,670 - INFO - Scraping BonÀrea...
2026-05-20 15:37:08,131 - INFO - Scraping VICIO...
2026-05-20 15:37:08,131 - INFO - Scraping VICIO...
2026-05-20 15:37:08,915 - INFO - Scraping Red Bull...
2026-05-20 15:37:08,915 - INFO - Scraping Red Bull...
2026-05-20 15:37:09,362 - WARNING - Network error for Red Bull: 403 Client Error: Forbidden for url: https://www.redbull.com/careers
2026-05-20 15:37:09,362 - WARNING - Network error for Red Bull: 403 Client Error: Forbidden for url: https://www.redbull.com/careers
2026-05-20 15:37:09,362 - INFO - Scraping Eurecat...
2026-05-20 15:37:09,362 - INFO - Scraping Eurecat...
2026-05-20 15:37:14,541 - WARNING - Network error for Eurecat: 404 Client Error: Not Found for url: https://eurecat.org/careers
2026-05-20 15:37:14,541 - WARNING - Network error for Eurecat: 404 Client Error: Not Found for url: https://eurecat.org/careers
2026-05-20 15:37:14,543 - INFO - Scraping Minsait...
2026-05-20 15:37:14,543 - INFO - Scraping Minsait...
2026-05-20 15:37:15,278 - INFO - Scraping Bertrandt...
2026-05-20 15:37:15,278 - INFO - Scraping Bertrandt...
2026-05-20 15:37:16,009 - WARNING - Network error for Bertrandt: 404 Client Error: Not Found for url: https://www.bertrandt.com/careers
2026-05-20 15:37:16,009 - WARNING - Network error for Bertrandt: 404 Client Error: Not Found for url: https://www.bertrandt.com/careers
2026-05-20 15:37:16,011 - INFO - Scraping Simon...
2026-05-20 15:37:16,011 - INFO - Scraping Simon...
2026-05-20 15:37:16,549 - INFO - Total jobs found: 88
2026-05-20 15:37:16,549 - INFO - Matching 88 jobs against profile...
2026-05-20 15:37:16,549 - INFO - Total jobs found: 88
2026-05-20 15:37:16,549 - INFO - Matching 88 jobs against profile...
2026-05-20 15:37:16,549 - INFO - Match found: Unknown @ Revolut (31.304347826086957%)
2026-05-20 15:37:16,549 - INFO - Match found: Unknown @ Revolut (31.304347826086957%)
2026-05-20 15:37:16,549 - INFO - Match found: Unknown @ Revolut (31.304347826086957%)
2026-05-20 15:37:16,549 - INFO - Match found: Unknown @ Revolut (31.304347826086957%)
2026-05-20 15:37:16,549 - INFO - Match found: Unknown @ Revolut (31.304347826086957%)
2026-05-20 15:37:16,549 - INFO - Match found: Unknown @ Revolut (31.304347826086957%)
2026-05-20 15:37:16,550 - INFO - Match found: Unknown @ Revolut (31.304347826086957%)
2026-05-20 15:37:16,550 - INFO - Match found: Unknown @ Revolut (31.304347826086957%)
2026-05-20 15:37:16,550 - INFO - Match found: Unknown @ Revolut (31.304347826086957%)
2026-05-20 15:37:16,550 - INFO - Match found: Unknown @ Revolut (31.304347826086957%)
2026-05-20 15:37:16,550 - INFO - Match found: Unknown @ Revolut (31.304347826086957%)
2026-05-20 15:37:16,550 - INFO - Match found: Unknown @ Revolut (31.304347826086957%)
2026-05-20 15:37:16,550 - INFO - Match found: Unknown @ Revolut (31.304347826086957%)
2026-05-20 15:37:16,550 - INFO - Match found: Unknown @ Revolut (31.304347826086957%)
2026-05-20 15:37:16,550 - INFO - Match found: Unknown @ Revolut (31.304347826086957%)
2026-05-20 15:37:16,550 - INFO - Match found: Unknown @ Revolut (31.304347826086957%)
2026-05-20 15:37:16,550 - INFO - Match found: Unknown @ Revolut (31.304347826086957%)
2026-05-20 15:37:16,550 - INFO - Match found: Unknown @ Revolut (31.304347826086957%)
2026-05-20 15:37:16,550 - INFO - Match found: Unknown @ Revolut (31.304347826086957%)
2026-05-20 15:37:16,550 - INFO - Match found: Unknown @ Revolut (31.304347826086957%)
2026-05-20 15:37:16,550 - INFO - Match found: Unknown @ Revolut (31.304347826086957%)
2026-05-20 15:37:16,550 - INFO - Match found: Unknown @ Revolut (31.304347826086957%)
2026-05-20 15:37:16,550 - INFO - Match found: Jump with us! @ SDG Group (31.304347826086957%)
2026-05-20 15:37:16,550 - INFO - Match found: Jump with us! @ SDG Group (31.304347826086957%)
2026-05-20 15:37:16,550 - INFO - Match found: Unknown @ SDG Group (42.608695652173914%)
2026-05-20 15:37:16,550 - INFO - Match found: Unknown @ SDG Group (42.608695652173914%)
2026-05-20 15:37:16,550 - INFO - Match found: Unknown @ Deloitte Spain (31.304347826086957%)
2026-05-20 15:37:16,550 - INFO - Match found: Unknown @ Deloitte Spain (31.304347826086957%)
2026-05-20 15:37:16,550 - INFO - Match found: Blockchain & Digital Assets @ Deloitte Spain (31.304347826086957%)
2026-05-20 15:37:16,550 - INFO - Match found: Blockchain & Digital Assets @ Deloitte Spain (31.304347826086957%)
2026-05-20 15:37:16,550 - INFO - Match found: Unknown @ Deloitte Spain (31.304347826086957%)
2026-05-20 15:37:16,550 - INFO - Match found: Unknown @ Deloitte Spain (31.304347826086957%)
2026-05-20 15:37:16,550 - INFO - Match found: Blockchain & Digital Assets @ Deloitte Spain (31.304347826086957%)
2026-05-20 15:37:16,550 - INFO - Match found: Blockchain & Digital Assets @ Deloitte Spain (31.304347826086957%)
2026-05-20 15:37:16,550 - INFO - Match found: Unknown @ Deloitte Spain (31.304347826086957%)
2026-05-20 15:37:16,550 - INFO - Match found: Unknown @ Deloitte Spain (31.304347826086957%)
2026-05-20 15:37:16,550 - INFO - Match found: Blockchain & Digital Assets @ Deloitte Spain (31.304347826086957%)
2026-05-20 15:37:16,550 - INFO - Match found: Blockchain & Digital Assets @ Deloitte Spain (31.304347826086957%)
2026-05-20 15:37:16,550 - INFO - Match found: Unknown @ Deloitte Spain (31.304347826086957%)
2026-05-20 15:37:16,550 - INFO - Match found: Unknown @ Deloitte Spain (31.304347826086957%)
2026-05-20 15:37:16,550 - INFO - Match found: Blockchain & Digital Assets @ Deloitte Spain (31.304347826086957%)
2026-05-20 15:37:16,550 - INFO - Match found: Blockchain & Digital Assets @ Deloitte Spain (31.304347826086957%)
2026-05-20 15:37:16,551 - INFO - Match found: Unknown @ Deloitte Spain (31.304347826086957%)
2026-05-20 15:37:16,551 - INFO - Match found: Unknown @ Deloitte Spain (31.304347826086957%)
2026-05-20 15:37:16,551 - INFO - Match found: Early careers @ Deloitte Spain (41.30434782608695%)
2026-05-20 15:37:16,551 - INFO - Match found: Early careers @ Deloitte Spain (41.30434782608695%)
2026-05-20 15:37:16,551 - INFO - Match found: Unknown @ Deloitte Spain (31.304347826086957%)
2026-05-20 15:37:16,551 - INFO - Match found: Unknown @ Deloitte Spain (31.304347826086957%)
2026-05-20 15:37:16,551 - INFO - Match found: Experienced professionals @ Deloitte Spain (31.304347826086957%)
2026-05-20 15:37:16,551 - INFO - Match found: Experienced professionals @ Deloitte Spain (31.304347826086957%)
2026-05-20 15:37:16,551 - INFO - Match found: Unknown @ Deloitte Spain (31.304347826086957%)
2026-05-20 15:37:16,551 - INFO - Match found: Unknown @ Deloitte Spain (31.304347826086957%)
2026-05-20 15:37:16,551 - INFO - Match found: Life at Deloitte @ Deloitte Spain (31.304347826086957%)
2026-05-20 15:37:16,551 - INFO - Match found: Life at Deloitte @ Deloitte Spain (31.304347826086957%)
2026-05-20 15:37:16,551 - INFO - Match found: Unknown @ Accenture Spain (31.304347826086957%)
2026-05-20 15:37:16,551 - INFO - Match found: Unknown @ Accenture Spain (31.304347826086957%)
2026-05-20 15:37:16,551 - INFO - Match found: Unknown @ Accenture Spain (31.304347826086957%)
2026-05-20 15:37:16,551 - INFO - Match found: Unknown @ Accenture Spain (31.304347826086957%)
2026-05-20 15:37:16,551 - INFO - Match found: Unknown @ Accenture Spain (31.304347826086957%)
2026-05-20 15:37:16,551 - INFO - Match found: Unknown @ Accenture Spain (31.304347826086957%)
2026-05-20 15:37:16,551 - INFO - Match found: Unknown @ Accenture Spain (31.304347826086957%)
2026-05-20 15:37:16,551 - INFO - Match found: Unknown @ Technip Energies (31.304347826086957%)
2026-05-20 15:37:16,551 - INFO - Match found: Unknown @ Technip Energies (31.304347826086957%)
2026-05-20 15:37:16,551 - INFO - Match found: Unknown @ Technip Energies (31.304347826086957%)
2026-05-20 15:37:16,551 - INFO - Match found: Unknown @ Accenture Spain (31.304347826086957%)
2026-05-20 15:37:16,551 - INFO - Match found: Unknown @ Accenture Spain (31.304347826086957%)
2026-05-20 15:37:16,551 - INFO - Match found: Unknown @ Accenture Spain (31.304347826086957%)
2026-05-20 15:37:16,551 - INFO - Match found: Unknown @ Technip Energies (31.304347826086957%)
2026-05-20 15:37:16,551 - INFO - Match found: Unknown @ Technip Energies (31.304347826086957%)
2026-05-20 15:37:16,551 - INFO - Match found: Unknown @ Technip Energies (31.304347826086957%)
2026-05-20 15:37:16,551 - INFO - Match found: Unknown @ Technip Energies (31.304347826086957%)
2026-05-20 15:37:16,551 - INFO - Match found: Unknown @ Technip Energies (31.304347826086957%)
2026-05-20 15:37:16,551 - INFO - Match found: Unknown @ Technip Energies (31.304347826086957%)
2026-05-20 15:37:16,551 - INFO - Match found: Unknown @ Technip Energies (31.304347826086957%)
2026-05-20 15:37:16,551 - INFO - Match found: Unknown @ Technip Energies (31.304347826086957%)
2026-05-20 15:37:16,551 - INFO - Match found: Unknown @ Technip Energies (31.304347826086957%)
2026-05-20 15:37:16,551 - INFO - Match found: Unknown @ Technip Energies (31.304347826086957%)
2026-05-20 15:37:16,551 - INFO - Match found: Unknown @ Technip Energies (31.304347826086957%)
2026-05-20 15:37:16,552 - INFO - Match found: Unknown @ Technip Energies (31.304347826086957%)
2026-05-20 15:37:16,552 - INFO - Match found: Unknown @ Technip Energies (31.304347826086957%)
2026-05-20 15:37:16,552 - INFO - Match found: Unknown @ Technip Energies (31.304347826086957%)
2026-05-20 15:37:16,552 - INFO - Match found: Unknown @ Technip Energies (31.304347826086957%)
2026-05-20 15:37:16,552 - INFO - Match found: Unknown @ Technip Energies (31.304347826086957%)
2026-05-20 15:37:16,552 - INFO - Match found: Unknown @ Technip Energies (31.304347826086957%)
2026-05-20 15:37:16,552 - INFO - Match found: Unknown @ Technip Energies (31.304347826086957%)
2026-05-20 15:37:16,552 - INFO - Match found: Unknown @ Technip Energies (31.304347826086957%)
2026-05-20 15:37:16,552 - INFO - Match found: Unknown @ Technip Energies (31.304347826086957%)
2026-05-20 15:37:16,552 - INFO - Match found: Unknown @ Technip Energies (31.304347826086957%)
2026-05-20 15:37:16,552 - INFO - Match found: Unknown @ Technip Energies (31.304347826086957%)
2026-05-20 15:37:16,552 - INFO - Match found: Unknown @ Technip Energies (31.304347826086957%)
2026-05-20 15:37:16,552 - INFO - Match found: Unknown @ Technip Energies (31.304347826086957%)
2026-05-20 15:37:16,552 - INFO - Match found: Unknown @ Technip Energies (31.304347826086957%)
2026-05-20 15:37:16,552 - INFO - Match found: Unknown @ Technip Energies (31.304347826086957%)
2026-05-20 15:37:16,552 - INFO - Match found: Unknown @ Technip Energies (31.304347826086957%)
2026-05-20 15:37:16,552 - INFO - Match found: Unknown @ Technip Energies (31.304347826086957%)
2026-05-20 15:37:16,552 - INFO - Match found: Unknown @ Technip Energies (31.304347826086957%)
2026-05-20 15:37:16,552 - INFO - Match found: Unknown @ Technip Energies (31.304347826086957%)
2026-05-20 15:37:16,552 - INFO - Match found: Unknown @ Technip Energies (31.304347826086957%)
2026-05-20 15:37:16,552 - INFO - Match found: Unknown @ Technip Energies (31.304347826086957%)
2026-05-20 15:37:16,552 - INFO - Match found: Unknown @ Technip Energies (31.304347826086957%)
2026-05-20 15:37:16,552 - INFO - Match found: Unknown @ Technip Energies (31.304347826086957%)
2026-05-20 15:37:16,552 - INFO - Match found: Unknown @ Technip Energies (31.304347826086957%)
2026-05-20 15:37:16,552 - INFO - Match found: Unknown @ Technip Energies (31.304347826086957%)
2026-05-20 15:37:16,552 - INFO - Match found: Unknown @ Technip Energies (31.304347826086957%)
2026-05-20 15:37:16,552 - INFO - Match found: Unknown @ Technip Energies (32.608695652173914%)
2026-05-20 15:37:16,552 - INFO - Match found: Unknown @ Technip Energies (32.608695652173914%)
2026-05-20 15:37:16,552 - INFO - Match found: Unknown @ Technip Energies (31.304347826086957%)
2026-05-20 15:37:16,552 - INFO - Match found: Unknown @ Technip Energies (31.304347826086957%)
2026-05-20 15:37:16,552 - INFO - Match found: Unknown @ Technip Energies (31.304347826086957%)
2026-05-20 15:37:16,552 - INFO - Match found: Unknown @ Technip Energies (31.304347826086957%)
2026-05-20 15:37:16,552 - INFO - Match found: Unknown @ Valmet (26.0%)
2026-05-20 15:37:16,552 - INFO - Match found: Unknown @ Valmet (26.0%)
2026-05-20 15:37:16,552 - INFO - Match found: Unknown @ Valmet (26.0%)
2026-05-20 15:37:16,552 - INFO - Match found: Unknown @ Valmet (26.0%)
2026-05-20 15:37:16,552 - INFO - Match found: Unknown @ Valmet (26.0%)
2026-05-20 15:37:16,552 - INFO - Match found: Unknown @ Valmet (26.0%)
2026-05-20 15:37:16,553 - INFO - Match found: Unknown @ Elis Spain (31.304347826086957%)
2026-05-20 15:37:16,553 - INFO - Match found: Unknown @ Elis Spain (31.304347826086957%)
2026-05-20 15:37:16,553 - INFO - Match found: Unknown @ Elis Spain (31.304347826086957%)
2026-05-20 15:37:16,553 - INFO - Match found: Unknown @ Elis Spain (31.304347826086957%)
2026-05-20 15:37:16,553 - INFO - Match found: Unknown @ Elis Spain (31.304347826086957%)
2026-05-20 15:37:16,553 - INFO - Match found: Unknown @ Elis Spain (31.304347826086957%)
2026-05-20 15:37:16,553 - INFO - Match found: Unknown @ Elis Spain (31.304347826086957%)
2026-05-20 15:37:16,553 - INFO - Match found: Unknown @ Elis Spain (31.304347826086957%)
2026-05-20 15:37:16,553 - INFO - Match found: Unknown @ Elis Spain (31.304347826086957%)
2026-05-20 15:37:16,553 - INFO - Match found: Unknown @ Elis Spain (31.304347826086957%)
2026-05-20 15:37:16,553 - INFO - Match found: Unknown @ Elis Spain (31.304347826086957%)
2026-05-20 15:37:16,553 - INFO - Match found: Unknown @ Elis Spain (31.304347826086957%)
2026-05-20 15:37:16,553 - INFO - Match found: Job offers @ Elis Spain (31.304347826086957%)
2026-05-20 15:37:16,553 - INFO - Match found: Job offers @ Elis Spain (31.304347826086957%)
2026-05-20 15:37:16,553 - INFO - Match found: Unknown @ Elis Spain (31.304347826086957%)
2026-05-20 15:37:16,553 - INFO - Match found: Unknown @ Elis Spain (31.304347826086957%)
2026-05-20 15:37:16,553 - INFO - Match found: Unknown @ Elis Spain (31.304347826086957%)
2026-05-20 15:37:16,553 - INFO - Match found: Unknown @ Elis Spain (31.304347826086957%)
2026-05-20 15:37:16,553 - INFO - Match found: Unknown @ Elis Spain (31.304347826086957%)
2026-05-20 15:37:16,553 - INFO - Match found: Unknown @ Elis Spain (31.304347826086957%)
2026-05-20 15:37:16,553 - INFO - Match found: Unknown @ Elis Spain (31.304347826086957%)
2026-05-20 15:37:16,553 - INFO - Match found: Unknown @ Elis Spain (31.304347826086957%)
2026-05-20 15:37:16,553 - INFO - Match found: Unknown @ Elis Spain (31.304347826086957%)
2026-05-20 15:37:16,553 - INFO - Match found: Unknown @ Elis Spain (31.304347826086957%)
2026-05-20 15:37:16,553 - INFO - Match found: Unknown @ Elis Spain (31.304347826086957%)
2026-05-20 15:37:16,553 - INFO - Match found: Unknown @ Elis Spain (31.304347826086957%)
2026-05-20 15:37:16,553 - INFO - Match found: Unknown @ Elis Spain (31.304347826086957%)
2026-05-20 15:37:16,553 - INFO - Match found: Unknown @ Elis Spain (31.304347826086957%)
2026-05-20 15:37:16,553 - INFO - Match found: Unknown @ Elis Spain (31.304347826086957%)
2026-05-20 15:37:16,553 - INFO - Match found: Unknown @ Elis Spain (31.304347826086957%)
2026-05-20 15:37:16,553 - INFO - Match found: Unknown @ Elis Spain (31.304347826086957%)
2026-05-20 15:37:16,553 - INFO - Match found: Unknown @ Elis Spain (31.304347826086957%)
2026-05-20 15:37:16,553 - INFO - Match found: Unknown @ Elis Spain (31.304347826086957%)
2026-05-20 15:37:16,553 - INFO - Match found: Unknown @ Elis Spain (31.304347826086957%)
2026-05-20 15:37:16,553 - INFO - Match found: Unknown @ Elis Spain (31.304347826086957%)
2026-05-20 15:37:16,553 - INFO - Match found: Unknown @ Elis Spain (31.304347826086957%)
2026-05-20 15:37:16,553 - INFO - Match found: Unknown @ Elis Spain (41.30434782608695%)
2026-05-20 15:37:16,553 - INFO - Match found: Unknown @ Elis Spain (41.30434782608695%)
2026-05-20 15:37:16,554 - INFO - Match found: Unknown @ Elis Spain (41.30434782608695%)
2026-05-20 15:37:16,554 - INFO - Match found: Unknown @ Elis Spain (41.30434782608695%)
2026-05-20 15:37:16,554 - INFO - Match found: Unknown @ Elis Spain (41.30434782608695%)
2026-05-20 15:37:16,554 - INFO - Match found: Unknown @ Elis Spain (41.30434782608695%)
2026-05-20 15:37:16,554 - INFO - Match found: Unknown @ Elis Spain (31.304347826086957%)
2026-05-20 15:37:16,554 - INFO - Match found: Unknown @ Elis Spain (31.304347826086957%)
2026-05-20 15:37:16,554 - INFO - Match found: Unknown @ Elis Spain (31.304347826086957%)
2026-05-20 15:37:16,554 - INFO - Match found: Unknown @ Elis Spain (31.304347826086957%)
2026-05-20 15:37:16,554 - INFO - Match found: Unknown @ Elis Spain (31.304347826086957%)
2026-05-20 15:37:16,554 - INFO - Match found: Unknown @ Elis Spain (31.304347826086957%)
2026-05-20 15:37:16,554 - INFO - Match found: Unknown @ Elis Spain (31.304347826086957%)
2026-05-20 15:37:16,554 - INFO - Match found: Unknown @ Elis Spain (31.304347826086957%)
2026-05-20 15:37:16,554 - INFO - Match found: Unknown @ Elis Spain (31.304347826086957%)
2026-05-20 15:37:16,554 - INFO - Match found: Unknown @ Elis Spain (31.304347826086957%)
2026-05-20 15:37:16,554 - INFO - Match found: Unknown @ Elis Spain (31.304347826086957%)
2026-05-20 15:37:16,554 - INFO - Match found: Unknown @ Elis Spain (31.304347826086957%)
2026-05-20 15:37:16,554 - INFO - Match found: Unknown @ Elis Spain (31.304347826086957%)
2026-05-20 15:37:16,554 - INFO - Match found: Unknown @ Elis Spain (31.304347826086957%)
2026-05-20 15:37:16,554 - INFO - Match found: Unknown @ BonÀrea (21.304347826086957%)
2026-05-20 15:37:16,554 - INFO - Match found: Unknown @ BonÀrea (21.304347826086957%)
2026-05-20 15:37:16,554 - INFO - Match found: Hazte de @ BonÀrea (31.304347826086957%)
2026-05-20 15:37:16,554 - INFO - Match found: Hazte de @ BonÀrea (31.304347826086957%)
2026-05-20 15:37:16,554 - INFO - Found 88 matching jobs
2026-05-20 15:37:16,554 - INFO - Found 88 matching jobs
2026-05-20 15:37:16,554 - INFO - Sending email notifications...
2026-05-20 15:37:16,554 - INFO - Sending email notifications...
2026-05-20 15:37:16,554 - INFO - 📧 Sending notifications for 88 matching jobs
2026-05-20 15:37:16,554 - INFO - 📧 Sending notifications for 88 matching jobs
2026-05-20 15:37:18,652 - INFO - ✅ Email sent for: Unknown @ Revolut
2026-05-20 15:37:18,652 - INFO - ✅ Email sent for: Unknown @ Revolut
2026-05-20 15:37:19,957 - INFO - ✅ Email sent for: Unknown @ Revolut
2026-05-20 15:37:19,957 - INFO - ✅ Email sent for: Unknown @ Revolut
2026-05-20 15:37:21,302 - INFO - ✅ Email sent for: Unknown @ Revolut
2026-05-20 15:37:21,302 - INFO - ✅ Email sent for: Unknown @ Revolut
2026-05-20 15:37:22,451 - INFO - ✅ Email sent for: Unknown @ Revolut
2026-05-20 15:37:22,451 - INFO - ✅ Email sent for: Unknown @ Revolut
2026-05-20 15:37:23,557 - INFO - ✅ Email sent for: Unknown @ Revolut
2026-05-20 15:37:23,557 - INFO - ✅ Email sent for: Unknown @ Revolut
2026-05-20 15:37:24,753 - INFO - ✅ Email sent for: Unknown @ Revolut
2026-05-20 15:37:24,753 - INFO - ✅ Email sent for: Unknown @ Revolut
2026-05-20 15:37:26,743 - INFO - ✅ Email sent for: Unknown @ Revolut
2026-05-20 15:37:26,743 - INFO - ✅ Email sent for: Unknown @ Revolut
2026-05-20 15:37:27,958 - INFO - ✅ Email sent for: Unknown @ Revolut
2026-05-20 15:37:27,958 - INFO - ✅ Email sent for: Unknown @ Revolut
2026-05-20 15:37:29,138 - INFO - ✅ Email sent for: Unknown @ Revolut
2026-05-20 15:37:29,138 - INFO - ✅ Email sent for: Unknown @ Revolut
2026-05-20 15:37:30,314 - INFO - ✅ Email sent for: Unknown @ Revolut
2026-05-20 15:37:30,314 - INFO - ✅ Email sent for: Unknown @ Revolut
2026-05-20 15:37:32,443 - INFO - ✅ Email sent for: Unknown @ Revolut
2026-05-20 15:37:32,443 - INFO - ✅ Email sent for: Unknown @ Revolut
2026-05-20 15:37:33,496 - INFO - ✅ Email sent for: Jump with us! @ SDG Group
2026-05-20 15:37:33,496 - INFO - ✅ Email sent for: Jump with us! @ SDG Group
2026-05-20 15:37:34,630 - INFO - ✅ Email sent for: Unknown @ SDG Group
2026-05-20 15:37:34,630 - INFO - ✅ Email sent for: Unknown @ SDG Group
2026-05-20 15:37:36,003 - INFO - ✅ Email sent for: Unknown @ Deloitte Spain
2026-05-20 15:37:36,003 - INFO - ✅ Email sent for: Unknown @ Deloitte Spain
2026-05-20 15:37:37,136 - INFO - ✅ Email sent for: Blockchain & Digital Assets @ Deloitte Spain
2026-05-20 15:37:37,136 - INFO - ✅ Email sent for: Blockchain & Digital Assets @ Deloitte Spain
2026-05-20 15:37:38,355 - INFO - ✅ Email sent for: Unknown @ Deloitte Spain
2026-05-20 15:37:38,355 - INFO - ✅ Email sent for: Unknown @ Deloitte Spain
2026-05-20 15:37:39,402 - INFO - ✅ Email sent for: Blockchain & Digital Assets @ Deloitte Spain
2026-05-20 15:37:39,402 - INFO - ✅ Email sent for: Blockchain & Digital Assets @ Deloitte Spain
2026-05-20 15:37:40,817 - INFO - ✅ Email sent for: Unknown @ Deloitte Spain
2026-05-20 15:37:40,817 - INFO - ✅ Email sent for: Unknown @ Deloitte Spain
2026-05-20 15:37:42,710 - INFO - ✅ Email sent for: Blockchain & Digital Assets @ Deloitte Spain
2026-05-20 15:37:42,710 - INFO - ✅ Email sent for: Blockchain & Digital Assets @ Deloitte Spain
2026-05-20 15:37:45,426 - INFO - ✅ Email sent for: Unknown @ Deloitte Spain
2026-05-20 15:37:45,426 - INFO - ✅ Email sent for: Unknown @ Deloitte Spain
2026-05-20 15:37:46,851 - INFO - ✅ Email sent for: Blockchain & Digital Assets @ Deloitte Spain
2026-05-20 15:37:46,851 - INFO - ✅ Email sent for: Blockchain & Digital Assets @ Deloitte Spain
2026-05-20 15:37:48,814 - INFO - ✅ Email sent for: Unknown @ Deloitte Spain
2026-05-20 15:37:48,814 - INFO - ✅ Email sent for: Unknown @ Deloitte Spain
2026-05-20 15:37:50,030 - INFO - ✅ Email sent for: Early careers @ Deloitte Spain
2026-05-20 15:37:50,030 - INFO - ✅ Email sent for: Early careers @ Deloitte Spain
2026-05-20 15:37:51,343 - INFO - ✅ Email sent for: Unknown @ Deloitte Spain
2026-05-20 15:37:51,343 - INFO - ✅ Email sent for: Unknown @ Deloitte Spain
2026-05-20 15:37:52,499 - INFO - ✅ Email sent for: Experienced professionals @ Deloitte Spain
2026-05-20 15:37:52,499 - INFO - ✅ Email sent for: Experienced professionals @ Deloitte Spain
2026-05-20 15:37:53,993 - INFO - ✅ Email sent for: Unknown @ Deloitte Spain
2026-05-20 15:37:53,993 - INFO - ✅ Email sent for: Unknown @ Deloitte Spain
2026-05-20 15:37:55,180 - INFO - ✅ Email sent for: Life at Deloitte @ Deloitte Spain
2026-05-20 15:37:55,180 - INFO - ✅ Email sent for: Life at Deloitte @ Deloitte Spain
2026-05-20 15:37:56,373 - INFO - ✅ Email sent for: Unknown @ Accenture Spain
2026-05-20 15:37:56,373 - INFO - ✅ Email sent for: Unknown @ Accenture Spain
2026-05-20 15:37:57,793 - INFO - ✅ Email sent for: Unknown @ Accenture Spain
2026-05-20 15:37:57,793 - INFO - ✅ Email sent for: Unknown @ Accenture Spain
2026-05-20 15:37:59,117 - INFO - ✅ Email sent for: Unknown @ Accenture Spain
2026-05-20 15:37:59,117 - INFO - ✅ Email sent for: Unknown @ Accenture Spain
2026-05-20 15:38:00,436 - INFO - ✅ Email sent for: Unknown @ Accenture Spain
2026-05-20 15:38:00,436 - INFO - ✅ Email sent for: Unknown @ Accenture Spain
2026-05-20 15:38:01,834 - INFO - ✅ Email sent for: Unknown @ Accenture Spain
2026-05-20 15:38:01,834 - INFO - ✅ Email sent for: Unknown @ Accenture Spain
2026-05-20 15:38:03,113 - INFO - ✅ Email sent for: Unknown @ Technip Energies
2026-05-20 15:38:03,113 - INFO - ✅ Email sent for: Unknown @ Technip Energies
2026-05-20 15:38:04,181 - INFO - ✅ Email sent for: Unknown @ Technip Energies
2026-05-20 15:38:04,181 - INFO - ✅ Email sent for: Unknown @ Technip Energies
2026-05-20 15:38:05,469 - INFO - ✅ Email sent for: Unknown @ Technip Energies
2026-05-20 15:38:05,469 - INFO - ✅ Email sent for: Unknown @ Technip Energies
2026-05-20 15:38:06,840 - INFO - ✅ Email sent for: Unknown @ Technip Energies
2026-05-20 15:38:06,840 - INFO - ✅ Email sent for: Unknown @ Technip Energies
2026-05-20 15:38:08,424 - INFO - ✅ Email sent for: Unknown @ Technip Energies
2026-05-20 15:38:08,424 - INFO - ✅ Email sent for: Unknown @ Technip Energies
2026-05-20 15:38:09,686 - INFO - ✅ Email sent for: Unknown @ Technip Energies
2026-05-20 15:38:09,686 - INFO - ✅ Email sent for: Unknown @ Technip Energies
2026-05-20 15:38:11,644 - INFO - ✅ Email sent for: Unknown @ Technip Energies
2026-05-20 15:38:11,644 - INFO - ✅ Email sent for: Unknown @ Technip Energies
2026-05-20 15:38:13,228 - INFO - ✅ Email sent for: Unknown @ Technip Energies
2026-05-20 15:38:13,228 - INFO - ✅ Email sent for: Unknown @ Technip Energies
2026-05-20 15:38:14,613 - INFO - ✅ Email sent for: Unknown @ Technip Energies
2026-05-20 15:38:14,613 - INFO - ✅ Email sent for: Unknown @ Technip Energies
2026-05-20 15:38:16,082 - INFO - ✅ Email sent for: Unknown @ Technip Energies
2026-05-20 15:38:16,082 - INFO - ✅ Email sent for: Unknown @ Technip Energies
2026-05-20 15:38:17,574 - INFO - ✅ Email sent for: Unknown @ Technip Energies
2026-05-20 15:38:17,574 - INFO - ✅ Email sent for: Unknown @ Technip Energies
2026-05-20 15:38:18,687 - INFO - ✅ Email sent for: Unknown @ Technip Energies
2026-05-20 15:38:18,687 - INFO - ✅ Email sent for: Unknown @ Technip Energies
2026-05-20 15:38:20,294 - INFO - ✅ Email sent for: Unknown @ Technip Energies
2026-05-20 15:38:20,294 - INFO - ✅ Email sent for: Unknown @ Technip Energies
2026-05-20 15:38:21,715 - INFO - ✅ Email sent for: Unknown @ Technip Energies
2026-05-20 15:38:21,715 - INFO - ✅ Email sent for: Unknown @ Technip Energies
2026-05-20 15:38:23,186 - INFO - ✅ Email sent for: Unknown @ Technip Energies
2026-05-20 15:38:23,186 - INFO - ✅ Email sent for: Unknown @ Technip Energies
2026-05-20 15:38:24,544 - INFO - ✅ Email sent for: Unknown @ Technip Energies
2026-05-20 15:38:24,544 - INFO - ✅ Email sent for: Unknown @ Technip Energies
2026-05-20 15:38:25,722 - INFO - ✅ Email sent for: Unknown @ Technip Energies
2026-05-20 15:38:25,722 - INFO - ✅ Email sent for: Unknown @ Technip Energies
2026-05-20 15:38:27,064 - INFO - ✅ Email sent for: Unknown @ Technip Energies
2026-05-20 15:38:27,064 - INFO - ✅ Email sent for: Unknown @ Technip Energies
2026-05-20 15:38:28,415 - INFO - ✅ Email sent for: Unknown @ Technip Energies
2026-05-20 15:38:28,415 - INFO - ✅ Email sent for: Unknown @ Technip Energies
2026-05-20 15:38:29,823 - INFO - ✅ Email sent for: Unknown @ Technip Energies
2026-05-20 15:38:29,823 - INFO - ✅ Email sent for: Unknown @ Technip Energies
2026-05-20 15:38:31,319 - INFO - ✅ Email sent for: Unknown @ Technip Energies
2026-05-20 15:38:31,319 - INFO - ✅ Email sent for: Unknown @ Technip Energies
2026-05-20 15:38:32,688 - INFO - ✅ Email sent for: Unknown @ Technip Energies
2026-05-20 15:38:32,688 - INFO - ✅ Email sent for: Unknown @ Technip Energies
2026-05-20 15:38:33,970 - INFO - ✅ Email sent for: Unknown @ Technip Energies
2026-05-20 15:38:33,970 - INFO - ✅ Email sent for: Unknown @ Technip Energies
2026-05-20 15:38:35,331 - INFO - ✅ Email sent for: Unknown @ Valmet
2026-05-20 15:38:35,331 - INFO - ✅ Email sent for: Unknown @ Valmet
2026-05-20 15:38:36,818 - INFO - ✅ Email sent for: Unknown @ Valmet
2026-05-20 15:38:36,818 - INFO - ✅ Email sent for: Unknown @ Valmet
2026-05-20 15:38:37,942 - INFO - ✅ Email sent for: Unknown @ Valmet
2026-05-20 15:38:37,942 - INFO - ✅ Email sent for: Unknown @ Valmet
2026-05-20 15:38:39,093 - INFO - ✅ Email sent for: Unknown @ Elis Spain
2026-05-20 15:38:39,093 - INFO - ✅ Email sent for: Unknown @ Elis Spain
2026-05-20 15:38:40,209 - INFO - ✅ Email sent for: Unknown @ Elis Spain
2026-05-20 15:38:40,209 - INFO - ✅ Email sent for: Unknown @ Elis Spain
2026-05-20 15:38:41,379 - INFO - ✅ Email sent for: Unknown @ Elis Spain
2026-05-20 15:38:41,379 - INFO - ✅ Email sent for: Unknown @ Elis Spain
2026-05-20 15:38:42,489 - INFO - ✅ Email sent for: Unknown @ Elis Spain
2026-05-20 15:38:42,489 - INFO - ✅ Email sent for: Unknown @ Elis Spain
2026-05-20 15:38:43,781 - INFO - ✅ Email sent for: Unknown @ Elis Spain
2026-05-20 15:38:43,781 - INFO - ✅ Email sent for: Unknown @ Elis Spain
2026-05-20 15:38:45,289 - INFO - ✅ Email sent for: Unknown @ Elis Spain
2026-05-20 15:38:45,289 - INFO - ✅ Email sent for: Unknown @ Elis Spain
2026-05-20 15:38:46,436 - INFO - ✅ Email sent for: Job offers @ Elis Spain
2026-05-20 15:38:46,436 - INFO - ✅ Email sent for: Job offers @ Elis Spain
2026-05-20 15:38:48,343 - INFO - ✅ Email sent for: Unknown @ Elis Spain
2026-05-20 15:38:48,343 - INFO - ✅ Email sent for: Unknown @ Elis Spain
2026-05-20 15:38:49,703 - INFO - ✅ Email sent for: Unknown @ Elis Spain
2026-05-20 15:38:49,703 - INFO - ✅ Email sent for: Unknown @ Elis Spain
2026-05-20 15:38:50,910 - INFO - ✅ Email sent for: Unknown @ Elis Spain
2026-05-20 15:38:50,910 - INFO - ✅ Email sent for: Unknown @ Elis Spain
2026-05-20 15:38:52,027 - INFO - ✅ Email sent for: Unknown @ Elis Spain
2026-05-20 15:38:52,027 - INFO - ✅ Email sent for: Unknown @ Elis Spain
2026-05-20 15:38:53,171 - INFO - ✅ Email sent for: Unknown @ Elis Spain
2026-05-20 15:38:53,171 - INFO - ✅ Email sent for: Unknown @ Elis Spain
2026-05-20 15:38:54,347 - INFO - ✅ Email sent for: Unknown @ Elis Spain
2026-05-20 15:38:54,347 - INFO - ✅ Email sent for: Unknown @ Elis Spain
2026-05-20 15:38:55,487 - INFO - ✅ Email sent for: Unknown @ Elis Spain
2026-05-20 15:38:55,487 - INFO - ✅ Email sent for: Unknown @ Elis Spain
2026-05-20 15:38:56,607 - INFO - ✅ Email sent for: Unknown @ Elis Spain
2026-05-20 15:38:56,607 - INFO - ✅ Email sent for: Unknown @ Elis Spain
2026-05-20 15:38:57,824 - INFO - ✅ Email sent for: Unknown @ Elis Spain
2026-05-20 15:38:57,824 - INFO - ✅ Email sent for: Unknown @ Elis Spain
2026-05-20 15:38:59,700 - INFO - ✅ Email sent for: Unknown @ Elis Spain
2026-05-20 15:38:59,700 - INFO - ✅ Email sent for: Unknown @ Elis Spain
2026-05-20 15:39:00,819 - INFO - ✅ Email sent for: Unknown @ Elis Spain
2026-05-20 15:39:00,819 - INFO - ✅ Email sent for: Unknown @ Elis Spain
2026-05-20 15:39:02,183 - INFO - ✅ Email sent for: Unknown @ Elis Spain
2026-05-20 15:39:02,183 - INFO - ✅ Email sent for: Unknown @ Elis Spain
2026-05-20 15:39:03,534 - INFO - ✅ Email sent for: Unknown @ Elis Spain
2026-05-20 15:39:03,534 - INFO - ✅ Email sent for: Unknown @ Elis Spain
2026-05-20 15:39:04,757 - INFO - ✅ Email sent for: Unknown @ Elis Spain
2026-05-20 15:39:04,757 - INFO - ✅ Email sent for: Unknown @ Elis Spain
2026-05-20 15:39:05,862 - INFO - ✅ Email sent for: Unknown @ Elis Spain
2026-05-20 15:39:05,862 - INFO - ✅ Email sent for: Unknown @ Elis Spain
2026-05-20 15:39:07,031 - INFO - ✅ Email sent for: Unknown @ Elis Spain
2026-05-20 15:39:07,031 - INFO - ✅ Email sent for: Unknown @ Elis Spain
2026-05-20 15:39:08,206 - INFO - ✅ Email sent for: Unknown @ Elis Spain
2026-05-20 15:39:08,206 - INFO - ✅ Email sent for: Unknown @ Elis Spain
2026-05-20 15:39:09,329 - INFO - ✅ Email sent for: Unknown @ Elis Spain
2026-05-20 15:39:09,329 - INFO - ✅ Email sent for: Unknown @ Elis Spain
2026-05-20 15:39:10,479 - INFO - ✅ Email sent for: Unknown @ Elis Spain
2026-05-20 15:39:10,479 - INFO - ✅ Email sent for: Unknown @ Elis Spain
2026-05-20 15:39:11,604 - INFO - ✅ Email sent for: Unknown @ Elis Spain
2026-05-20 15:39:11,604 - INFO - ✅ Email sent for: Unknown @ Elis Spain
2026-05-20 15:39:12,699 - INFO - ✅ Email sent for: Unknown @ Elis Spain
2026-05-20 15:39:12,699 - INFO - ✅ Email sent for: Unknown @ Elis Spain
2026-05-20 15:39:13,848 - INFO - ✅ Email sent for: Unknown @ BonÀrea
2026-05-20 15:39:13,848 - INFO - ✅ Email sent for: Unknown @ BonÀrea
2026-05-20 15:39:15,778 - INFO - ✅ Email sent for: Hazte de @ BonÀrea
2026-05-20 15:39:15,778 - INFO - ✅ Sent 88/88 notifications
2026-05-20 15:39:15,778 - INFO - ✅ Email sent for: Hazte de @ BonÀrea
2026-05-20 15:39:15,778 - INFO - ✅ Sent 88/88 notifications
2026-05-20 15:39:15,780 - INFO - Job database updated: 88 new jobs, 176 total
2026-05-20 15:39:15,780 - INFO - Job database updated: 88 new jobs, 176 total
2026-05-20 15:39:15,780 - INFO - ============================================================
2026-05-20 15:39:15,780 - INFO - Job Scout Pipeline Completed
2026-05-20 15:39:15,780 - INFO - ============================================================
2026-05-20 15:39:15,780 - INFO - Job Scout Pipeline Completed
2026-05-20 15:39:15,780 - INFO - ============================================================
2026-05-20 15:39:15,780 - INFO - ============================================================
2026-05-20 20:24:51,516 - INFO - ============================================================
2026-05-20 20:24:51,516 - INFO - Job Scout Pipeline Started
2026-05-20 20:24:51,516 - INFO - ============================================================
2026-05-20 20:24:51,516 - INFO - Job Scout Pipeline Started
2026-05-20 20:24:51,516 - INFO - ============================================================
2026-05-20 20:24:51,516 - INFO - ============================================================
2026-05-20 20:24:51,517 - INFO - Starting scrape for 50 companies
2026-05-20 20:24:51,517 - INFO - Starting scrape for 50 companies
2026-05-20 20:24:51,517 - INFO - Scraping Revolut...
2026-05-20 20:24:51,517 - INFO - Scraping Revolut...
2026-05-20 20:24:51,892 - INFO - Scraping Schneider Electric...
2026-05-20 20:24:51,892 - INFO - Scraping Schneider Electric...
2026-05-20 20:24:51,936 - WARNING - Network error for Schneider Electric: HTTPSConnectionPool(host='careers.schneider-electric.com', port=443): Max retries exceeded with url: / (Caused by NameResolutionError("HTTPSConnection(host='careers.schneider-electric.com', port=443): Failed to resolve 'careers.schneider-electric.com' ([Errno -2] Name or service not known)"))
2026-05-20 20:24:51,936 - WARNING - Network error for Schneider Electric: HTTPSConnectionPool(host='careers.schneider-electric.com', port=443): Max retries exceeded with url: / (Caused by NameResolutionError("HTTPSConnection(host='careers.schneider-electric.com', port=443): Failed to resolve 'careers.schneider-electric.com' ([Errno -2] Name or service not known)"))
2026-05-20 20:24:51,936 - INFO - Scraping Eiffage Energía...
2026-05-20 20:24:51,936 - INFO - Scraping Eiffage Energía...
2026-05-20 20:24:52,339 - WARNING - Network error for Eiffage Energía: 404 Client Error: Not Found for url: https://www.eiffage.com/es/careers
2026-05-20 20:24:52,339 - WARNING - Network error for Eiffage Energía: 404 Client Error: Not Found for url: https://www.eiffage.com/es/careers
2026-05-20 20:24:52,340 - INFO - Scraping Mecalux...
2026-05-20 20:24:52,340 - INFO - Scraping Mecalux...
2026-05-20 20:24:53,962 - WARNING - Network error for Mecalux: 404 Client Error: 404 for url: https://www.mecalux.es/careers
2026-05-20 20:24:53,962 - WARNING - Network error for Mecalux: 404 Client Error: 404 for url: https://www.mecalux.es/careers
2026-05-20 20:24:53,963 - INFO - Scraping Dragados...
2026-05-20 20:24:53,963 - INFO - Scraping Dragados...
2026-05-20 20:24:54,545 - WARNING - Network error for Dragados: 404 Client Error: Not Found for url: https://www.dragados.com/es/careers
2026-05-20 20:24:54,545 - WARNING - Network error for Dragados: 404 Client Error: Not Found for url: https://www.dragados.com/es/careers
2026-05-20 20:24:54,546 - INFO - Scraping Thermo King...
2026-05-20 20:24:54,546 - INFO - Scraping Thermo King...
2026-05-20 20:24:54,783 - INFO - Scraping Oliver Wyman...
2026-05-20 20:24:54,783 - INFO - Scraping Oliver Wyman...
2026-05-20 20:24:55,562 - INFO - Scraping Nexus Energía...
2026-05-20 20:24:55,562 - INFO - Scraping Nexus Energía...
2026-05-20 20:24:55,651 - WARNING - Network error for Nexus Energía: HTTPSConnectionPool(host='www.nexus-energia.com', port=443): Max retries exceeded with url: /careers (Caused by NameResolutionError("HTTPSConnection(host='www.nexus-energia.com', port=443): Failed to resolve 'www.nexus-energia.com' ([Errno -2] Name or service not known)"))
2026-05-20 20:24:55,651 - WARNING - Network error for Nexus Energía: HTTPSConnectionPool(host='www.nexus-energia.com', port=443): Max retries exceeded with url: /careers (Caused by NameResolutionError("HTTPSConnection(host='www.nexus-energia.com', port=443): Failed to resolve 'www.nexus-energia.com' ([Errno -2] Name or service not known)"))
2026-05-20 20:24:55,651 - INFO - Scraping ENGIE...
2026-05-20 20:24:55,651 - INFO - Scraping ENGIE...
2026-05-20 20:24:57,925 - WARNING - Network error for ENGIE: 404 Client Error: Not Found for url: https://www.engie.com/careers
2026-05-20 20:24:57,925 - WARNING - Network error for ENGIE: 404 Client Error: Not Found for url: https://www.engie.com/careers
2026-05-20 20:24:57,926 - INFO - Scraping Danone...
2026-05-20 20:24:57,926 - INFO - Scraping Danone...
2026-05-20 20:24:58,746 - INFO - Scraping Sorigué...
2026-05-20 20:24:58,746 - INFO - Scraping Sorigué...
2026-05-20 20:25:00,298 - WARNING - Network error for Sorigué: 404 Client Error: Not Found for url: https://www.sorigue.com/es/careers
2026-05-20 20:25:00,298 - WARNING - Network error for Sorigué: 404 Client Error: Not Found for url: https://www.sorigue.com/es/careers
2026-05-20 20:25:00,299 - INFO - Scraping SDG Group...
2026-05-20 20:25:00,299 - INFO - Scraping SDG Group...
2026-05-20 20:25:01,502 - INFO - Scraping KPMG Spain...
2026-05-20 20:25:01,502 - INFO - Scraping KPMG Spain...
2026-05-20 20:25:01,612 - WARNING - Network error for KPMG Spain: HTTPSConnectionPool(host='careers.kpmg.es', port=443): Max retries exceeded with url: / (Caused by NameResolutionError("HTTPSConnection(host='careers.kpmg.es', port=443): Failed to resolve 'careers.kpmg.es' ([Errno -2] Name or service not known)"))
2026-05-20 20:25:01,612 - WARNING - Network error for KPMG Spain: HTTPSConnectionPool(host='careers.kpmg.es', port=443): Max retries exceeded with url: / (Caused by NameResolutionError("HTTPSConnection(host='careers.kpmg.es', port=443): Failed to resolve 'careers.kpmg.es' ([Errno -2] Name or service not known)"))
2026-05-20 20:25:01,612 - INFO - Scraping NTT Data...
2026-05-20 20:25:01,612 - INFO - Scraping NTT Data...
2026-05-20 20:25:02,355 - WARNING - Network error for NTT Data: 404 Client Error: Not Found for url: https://www.nttdata.com/global/en/404
2026-05-20 20:25:02,355 - WARNING - Network error for NTT Data: 404 Client Error: Not Found for url: https://www.nttdata.com/global/en/404
2026-05-20 20:25:02,356 - INFO - Scraping HP Spain...
2026-05-20 20:25:02,356 - INFO - Scraping HP Spain...
2026-05-20 20:25:02,405 - WARNING - Network error for HP Spain: HTTPSConnectionPool(host='careers.hp.com', port=443): Max retries exceeded with url: / (Caused by NameResolutionError("HTTPSConnection(host='careers.hp.com', port=443): Failed to resolve 'careers.hp.com' ([Errno -5] No address associated with hostname)"))
2026-05-20 20:25:02,405 - WARNING - Network error for HP Spain: HTTPSConnectionPool(host='careers.hp.com', port=443): Max retries exceeded with url: / (Caused by NameResolutionError("HTTPSConnection(host='careers.hp.com', port=443): Failed to resolve 'careers.hp.com' ([Errno -5] No address associated with hostname)"))
2026-05-20 20:25:02,406 - INFO - Scraping Deloitte Spain...
2026-05-20 20:25:02,406 - INFO - Scraping Deloitte Spain...
2026-05-20 20:25:03,009 - INFO - Scraping PwC Spain...
2026-05-20 20:25:03,009 - INFO - Scraping PwC Spain...
2026-05-20 20:25:03,987 - WARNING - Network error for PwC Spain: 404 Client Error: Not Found for url: https://www.pwc.es/careers
2026-05-20 20:25:03,987 - WARNING - Network error for PwC Spain: 404 Client Error: Not Found for url: https://www.pwc.es/careers
2026-05-20 20:25:03,988 - INFO - Scraping Accenture Spain...
2026-05-20 20:25:03,988 - INFO - Scraping Accenture Spain...
2026-05-20 20:25:04,174 - INFO - Scraping Boston Consulting Group...
2026-05-20 20:25:04,174 - INFO - Scraping Boston Consulting Group...
2026-05-20 20:25:04,334 - WARNING - Network error for Boston Consulting Group: 403 Client Error: Forbidden for url: https://www.bcg.com/careers
2026-05-20 20:25:04,334 - WARNING - Network error for Boston Consulting Group: 403 Client Error: Forbidden for url: https://www.bcg.com/careers
2026-05-20 20:25:04,335 - INFO - Scraping IDOM...
2026-05-20 20:25:04,335 - INFO - Scraping IDOM...
2026-05-20 20:25:06,038 - INFO - Scraping RDT Engineers...
2026-05-20 20:25:06,038 - INFO - Scraping RDT Engineers...
2026-05-20 20:25:07,739 - INFO - Scraping Technip Energies...
2026-05-20 20:25:07,739 - INFO - Scraping Technip Energies...
2026-05-20 20:25:08,838 - INFO - Scraping COMSA...
2026-05-20 20:25:08,838 - INFO - Scraping COMSA...
2026-05-20 20:25:08,921 - WARNING - Network error for COMSA: 403 Client Error: Forbidden for url: https://www.comsa.com/careers
2026-05-20 20:25:08,921 - WARNING - Network error for COMSA: 403 Client Error: Forbidden for url: https://www.comsa.com/careers
2026-05-20 20:25:08,921 - INFO - Scraping Valmet...
2026-05-20 20:25:08,921 - INFO - Scraping Valmet...
2026-05-20 20:25:09,959 - INFO - Scraping CELSA Group...
2026-05-20 20:25:09,959 - INFO - Scraping CELSA Group...
2026-05-20 20:25:10,638 - WARNING - Network error for CELSA Group: 403 Client Error: Forbidden for url: https://www.celsagroup.com/careers
2026-05-20 20:25:10,638 - WARNING - Network error for CELSA Group: 403 Client Error: Forbidden for url: https://www.celsagroup.com/careers
2026-05-20 20:25:10,640 - INFO - Scraping Elecnor...
2026-05-20 20:25:10,640 - INFO - Scraping Elecnor...
2026-05-20 20:25:11,640 - WARNING - Network error for Elecnor: 404 Client Error: Not Found for url: https://www.elecnor.com/careers
2026-05-20 20:25:11,640 - WARNING - Network error for Elecnor: 404 Client Error: Not Found for url: https://www.elecnor.com/careers
2026-05-20 20:25:11,642 - INFO - Scraping Ingerop...
2026-05-20 20:25:11,642 - INFO - Scraping Ingerop...
2026-05-20 20:25:12,815 - WARNING - Network error for Ingerop: 404 Client Error: Not Found for url: https://www.ingerop.com/careers
2026-05-20 20:25:12,815 - WARNING - Network error for Ingerop: 404 Client Error: Not Found for url: https://www.ingerop.com/careers
2026-05-20 20:25:12,816 - INFO - Scraping VINCI...
2026-05-20 20:25:12,816 - INFO - Scraping VINCI...
2026-05-20 20:25:13,141 - WARNING - Network error for VINCI: 418 Client Error: I'm a teapot for url: https://www.vinci.com/careers
2026-05-20 20:25:13,141 - WARNING - Network error for VINCI: 418 Client Error: I'm a teapot for url: https://www.vinci.com/careers
2026-05-20 20:25:13,142 - INFO - Scraping Copisa...
2026-05-20 20:25:13,142 - INFO - Scraping Copisa...
2026-05-20 20:25:14,120 - WARNING - Network error for Copisa: 404 Client Error: Not Found for url: https://copisa.com/careers
2026-05-20 20:25:14,120 - WARNING - Network error for Copisa: 404 Client Error: Not Found for url: https://copisa.com/careers
2026-05-20 20:25:14,122 - INFO - Scraping TYPSA...
2026-05-20 20:25:14,122 - INFO - Scraping TYPSA...
2026-05-20 20:25:16,438 - INFO - Scraping Veolia Spain...
2026-05-20 20:25:16,438 - INFO - Scraping Veolia Spain...
2026-05-20 20:25:17,220 - WARNING - Network error for Veolia Spain: 404 Client Error: Not Found for url: https://www.veolia.com/careers
2026-05-20 20:25:17,220 - WARNING - Network error for Veolia Spain: 404 Client Error: Not Found for url: https://www.veolia.com/careers
2026-05-20 20:25:17,221 - INFO - Scraping Fichtner...
2026-05-20 20:25:17,221 - INFO - Scraping Fichtner...
2026-05-20 20:25:27,420 - WARNING - Network error for Fichtner: HTTPSConnectionPool(host='www.fichtner.com', port=443): Max retries exceeded with url: /careers (Caused by ConnectTimeoutError(<HTTPSConnection(host='www.fichtner.com', port=443) at 0x7fd63b0acb50>, 'Connection to www.fichtner.com timed out. (connect timeout=10)'))
2026-05-20 20:25:27,420 - INFO - Scraping ProZero...
2026-05-20 20:25:27,420 - WARNING - Network error for Fichtner: HTTPSConnectionPool(host='www.fichtner.com', port=443): Max retries exceeded with url: /careers (Caused by ConnectTimeoutError(<HTTPSConnection(host='www.fichtner.com', port=443) at 0x7fd63b0acb50>, 'Connection to www.fichtner.com timed out. (connect timeout=10)'))
2026-05-20 20:25:27,420 - INFO - Scraping ProZero...
2026-05-20 20:25:27,792 - WARNING - Network error for ProZero: HTTPSConnectionPool(host='www.prozero.com', port=443): Max retries exceeded with url: /careers (Caused by SSLError(SSLCertVerificationError(1, "[SSL: CERTIFICATE_VERIFY_FAILED] certificate verify failed: Hostname mismatch, certificate is not valid for 'www.prozero.com'. (_ssl.c:1016)")))
2026-05-20 20:25:27,792 - INFO - Scraping Avesa...
2026-05-20 20:25:27,792 - WARNING - Network error for ProZero: HTTPSConnectionPool(host='www.prozero.com', port=443): Max retries exceeded with url: /careers (Caused by SSLError(SSLCertVerificationError(1, "[SSL: CERTIFICATE_VERIFY_FAILED] certificate verify failed: Hostname mismatch, certificate is not valid for 'www.prozero.com'. (_ssl.c:1016)")))
2026-05-20 20:25:27,792 - INFO - Scraping Avesa...
2026-05-20 20:25:28,287 - WARNING - Network error for Avesa: 404 Client Error: Not Found for url: https://www.avesa.es/page-not-found
2026-05-20 20:25:28,287 - WARNING - Network error for Avesa: 404 Client Error: Not Found for url: https://www.avesa.es/page-not-found
2026-05-20 20:25:28,288 - INFO - Scraping Applus IDIADA...
2026-05-20 20:25:28,288 - INFO - Scraping Applus IDIADA...
2026-05-20 20:25:29,764 - WARNING - Network error for Applus IDIADA: 404 Client Error:  for url: https://www.applusidiada.com/careers
2026-05-20 20:25:29,764 - WARNING - Network error for Applus IDIADA: 404 Client Error:  for url: https://www.applusidiada.com/careers
2026-05-20 20:25:29,765 - INFO - Scraping ABB Spain...
2026-05-20 20:25:29,765 - INFO - Scraping ABB Spain...
2026-05-20 20:25:29,870 - WARNING - Network error for ABB Spain: HTTPSConnectionPool(host='careers.abb.com', port=443): Max retries exceeded with url: /es-es (Caused by NameResolutionError("HTTPSConnection(host='careers.abb.com', port=443): Failed to resolve 'careers.abb.com' ([Errno -2] Name or service not known)"))
2026-05-20 20:25:29,870 - WARNING - Network error for ABB Spain: HTTPSConnectionPool(host='careers.abb.com', port=443): Max retries exceeded with url: /es-es (Caused by NameResolutionError("HTTPSConnection(host='careers.abb.com', port=443): Failed to resolve 'careers.abb.com' ([Errno -2] Name or service not known)"))
2026-05-20 20:25:29,870 - INFO - Scraping Henkel Spain...
2026-05-20 20:25:29,870 - INFO - Scraping Henkel Spain...
2026-05-20 20:25:30,732 - INFO - Scraping B. Braun...
2026-05-20 20:25:30,732 - INFO - Scraping B. Braun...
2026-05-20 20:25:31,835 - WARNING - Network error for B. Braun: 404 Client Error: Not Found for url: https://www.bbraun.com/careers.html
2026-05-20 20:25:31,835 - WARNING - Network error for B. Braun: 404 Client Error: Not Found for url: https://www.bbraun.com/careers.html
2026-05-20 20:25:31,836 - INFO - Scraping Unex...
2026-05-20 20:25:31,836 - INFO - Scraping Unex...
2026-05-20 20:25:32,354 - INFO - Scraping Banco Sabadell...
2026-05-20 20:25:32,354 - INFO - Scraping Banco Sabadell...
2026-05-20 20:25:32,771 - WARNING - Network error for Banco Sabadell: 404 Client Error: Not Found for url: https://www.bancsabadell.com/careers
2026-05-20 20:25:32,771 - WARNING - Network error for Banco Sabadell: 404 Client Error: Not Found for url: https://www.bancsabadell.com/careers
2026-05-20 20:25:32,772 - INFO - Scraping Caixa Enginyers...
2026-05-20 20:25:32,772 - INFO - Scraping Caixa Enginyers...
2026-05-20 20:25:33,606 - WARNING - Network error for Caixa Enginyers: 404 Client Error: 404 for url: https://www.caixaenginyers.com/careers
2026-05-20 20:25:33,606 - WARNING - Network error for Caixa Enginyers: 404 Client Error: 404 for url: https://www.caixaenginyers.com/careers
2026-05-20 20:25:33,607 - INFO - Scraping TGW Logistics...
2026-05-20 20:25:33,607 - INFO - Scraping TGW Logistics...
2026-05-20 20:25:34,390 - INFO - Scraping Elis Spain...
2026-05-20 20:25:34,390 - INFO - Scraping Elis Spain...
2026-05-20 20:25:35,899 - INFO - Scraping BonÀrea...
2026-05-20 20:25:35,899 - INFO - Scraping BonÀrea...
2026-05-20 20:25:36,852 - INFO - Scraping VICIO...
2026-05-20 20:25:36,852 - INFO - Scraping VICIO...
2026-05-20 20:25:37,519 - INFO - Scraping Red Bull...
2026-05-20 20:25:37,519 - INFO - Scraping Red Bull...
2026-05-20 20:25:37,594 - WARNING - Network error for Red Bull: 403 Client Error: Forbidden for url: https://www.redbull.com/careers
2026-05-20 20:25:37,594 - WARNING - Network error for Red Bull: 403 Client Error: Forbidden for url: https://www.redbull.com/careers
2026-05-20 20:25:37,595 - INFO - Scraping Eurecat...
2026-05-20 20:25:37,595 - INFO - Scraping Eurecat...
2026-05-20 20:25:42,384 - WARNING - Network error for Eurecat: 404 Client Error: Not Found for url: https://eurecat.org/careers
2026-05-20 20:25:42,384 - WARNING - Network error for Eurecat: 404 Client Error: Not Found for url: https://eurecat.org/careers
2026-05-20 20:25:42,385 - INFO - Scraping Minsait...
2026-05-20 20:25:42,385 - INFO - Scraping Minsait...
2026-05-20 20:25:42,653 - INFO - Scraping Bertrandt...
2026-05-20 20:25:42,653 - INFO - Scraping Bertrandt...
2026-05-20 20:25:43,215 - WARNING - Network error for Bertrandt: 404 Client Error: Not Found for url: https://www.bertrandt.com/careers
2026-05-20 20:25:43,215 - WARNING - Network error for Bertrandt: 404 Client Error: Not Found for url: https://www.bertrandt.com/careers
2026-05-20 20:25:43,216 - INFO - Scraping Simon...
2026-05-20 20:25:43,216 - INFO - Scraping Simon...
2026-05-20 20:25:43,602 - INFO - Total jobs found: 86
2026-05-20 20:25:43,602 - INFO - Matching 86 jobs against profile...
2026-05-20 20:25:43,602 - INFO - Total jobs found: 86
2026-05-20 20:25:43,602 - INFO - Matching 86 jobs against profile...
2026-05-20 20:25:43,602 - INFO - Match found: Unknown @ Revolut (31.304347826086957%)
2026-05-20 20:25:43,602 - INFO - Match found: Unknown @ Revolut (31.304347826086957%)
2026-05-20 20:25:43,602 - INFO - Match found: Unknown @ Revolut (31.304347826086957%)
2026-05-20 20:25:43,602 - INFO - Match found: Unknown @ Revolut (31.304347826086957%)
2026-05-20 20:25:43,603 - INFO - Match found: Unknown @ Revolut (31.304347826086957%)
2026-05-20 20:25:43,603 - INFO - Match found: Unknown @ Revolut (31.304347826086957%)
2026-05-20 20:25:43,603 - INFO - Match found: Unknown @ Revolut (31.304347826086957%)
2026-05-20 20:25:43,603 - INFO - Match found: Unknown @ Revolut (31.304347826086957%)
2026-05-20 20:25:43,603 - INFO - Match found: Unknown @ Revolut (31.304347826086957%)
2026-05-20 20:25:43,603 - INFO - Match found: Unknown @ Revolut (31.304347826086957%)
2026-05-20 20:25:43,603 - INFO - Match found: Unknown @ Revolut (31.304347826086957%)
2026-05-20 20:25:43,603 - INFO - Match found: Unknown @ Revolut (31.304347826086957%)
2026-05-20 20:25:43,603 - INFO - Match found: Unknown @ Revolut (31.304347826086957%)
2026-05-20 20:25:43,603 - INFO - Match found: Unknown @ Revolut (31.304347826086957%)
2026-05-20 20:25:43,603 - INFO - Match found: Unknown @ Revolut (31.304347826086957%)
2026-05-20 20:25:43,603 - INFO - Match found: Unknown @ Revolut (31.304347826086957%)
2026-05-20 20:25:43,603 - INFO - Match found: Unknown @ Revolut (31.304347826086957%)
2026-05-20 20:25:43,603 - INFO - Match found: Unknown @ Revolut (31.304347826086957%)
2026-05-20 20:25:43,603 - INFO - Match found: Unknown @ Revolut (31.304347826086957%)
2026-05-20 20:25:43,603 - INFO - Match found: Unknown @ Revolut (31.304347826086957%)
2026-05-20 20:25:43,603 - INFO - Match found: Unknown @ Revolut (31.304347826086957%)
2026-05-20 20:25:43,603 - INFO - Match found: Unknown @ Deloitte Spain (31.304347826086957%)
2026-05-20 20:25:43,603 - INFO - Match found: Unknown @ Revolut (31.304347826086957%)
2026-05-20 20:25:43,603 - INFO - Match found: Unknown @ Deloitte Spain (31.304347826086957%)
2026-05-20 20:25:43,603 - INFO - Match found: Blockchain & Digital Assets @ Deloitte Spain (31.304347826086957%)
2026-05-20 20:25:43,603 - INFO - Match found: Blockchain & Digital Assets @ Deloitte Spain (31.304347826086957%)
2026-05-20 20:25:43,603 - INFO - Match found: Unknown @ Deloitte Spain (31.304347826086957%)
2026-05-20 20:25:43,603 - INFO - Match found: Unknown @ Deloitte Spain (31.304347826086957%)
2026-05-20 20:25:43,603 - INFO - Match found: Blockchain & Digital Assets @ Deloitte Spain (31.304347826086957%)
2026-05-20 20:25:43,603 - INFO - Match found: Blockchain & Digital Assets @ Deloitte Spain (31.304347826086957%)
2026-05-20 20:25:43,603 - INFO - Match found: Unknown @ Deloitte Spain (31.304347826086957%)
2026-05-20 20:25:43,603 - INFO - Match found: Unknown @ Deloitte Spain (31.304347826086957%)
2026-05-20 20:25:43,604 - INFO - Match found: Blockchain & Digital Assets @ Deloitte Spain (31.304347826086957%)
2026-05-20 20:25:43,604 - INFO - Match found: Blockchain & Digital Assets @ Deloitte Spain (31.304347826086957%)
2026-05-20 20:25:43,604 - INFO - Match found: Unknown @ Deloitte Spain (31.304347826086957%)
2026-05-20 20:25:43,604 - INFO - Match found: Unknown @ Deloitte Spain (31.304347826086957%)
2026-05-20 20:25:43,604 - INFO - Match found: Blockchain & Digital Assets @ Deloitte Spain (31.304347826086957%)
2026-05-20 20:25:43,604 - INFO - Match found: Blockchain & Digital Assets @ Deloitte Spain (31.304347826086957%)
2026-05-20 20:25:43,604 - INFO - Match found: Unknown @ Deloitte Spain (31.304347826086957%)
2026-05-20 20:25:43,604 - INFO - Match found: Unknown @ Deloitte Spain (31.304347826086957%)
2026-05-20 20:25:43,604 - INFO - Match found: Early careers @ Deloitte Spain (41.30434782608695%)
2026-05-20 20:25:43,604 - INFO - Match found: Early careers @ Deloitte Spain (41.30434782608695%)
2026-05-20 20:25:43,604 - INFO - Match found: Unknown @ Deloitte Spain (31.304347826086957%)
2026-05-20 20:25:43,604 - INFO - Match found: Unknown @ Deloitte Spain (31.304347826086957%)
2026-05-20 20:25:43,604 - INFO - Match found: Experienced professionals @ Deloitte Spain (31.304347826086957%)
2026-05-20 20:25:43,604 - INFO - Match found: Experienced professionals @ Deloitte Spain (31.304347826086957%)
2026-05-20 20:25:43,604 - INFO - Match found: Unknown @ Deloitte Spain (31.304347826086957%)
2026-05-20 20:25:43,604 - INFO - Match found: Unknown @ Deloitte Spain (31.304347826086957%)
2026-05-20 20:25:43,604 - INFO - Match found: Life at Deloitte @ Deloitte Spain (31.304347826086957%)
2026-05-20 20:25:43,604 - INFO - Match found: Life at Deloitte @ Deloitte Spain (31.304347826086957%)
2026-05-20 20:25:43,604 - INFO - Match found: Unknown @ Accenture Spain (31.304347826086957%)
2026-05-20 20:25:43,604 - INFO - Match found: Unknown @ Accenture Spain (31.304347826086957%)
2026-05-20 20:25:43,604 - INFO - Match found: Unknown @ Accenture Spain (31.304347826086957%)
2026-05-20 20:25:43,604 - INFO - Match found: Unknown @ Accenture Spain (31.304347826086957%)
2026-05-20 20:25:43,604 - INFO - Match found: Unknown @ Accenture Spain (31.304347826086957%)
2026-05-20 20:25:43,604 - INFO - Match found: Unknown @ Accenture Spain (31.304347826086957%)
2026-05-20 20:25:43,604 - INFO - Match found: Unknown @ Accenture Spain (31.304347826086957%)
2026-05-20 20:25:43,604 - INFO - Match found: Unknown @ Accenture Spain (31.304347826086957%)
2026-05-20 20:25:43,604 - INFO - Match found: Unknown @ Accenture Spain (31.304347826086957%)
2026-05-20 20:25:43,604 - INFO - Match found: Unknown @ Accenture Spain (31.304347826086957%)
2026-05-20 20:25:43,605 - INFO - Match found: Unknown @ Technip Energies (31.304347826086957%)
2026-05-20 20:25:43,605 - INFO - Match found: Unknown @ Technip Energies (31.304347826086957%)
2026-05-20 20:25:43,605 - INFO - Match found: Unknown @ Technip Energies (31.304347826086957%)
2026-05-20 20:25:43,605 - INFO - Match found: Unknown @ Technip Energies (31.304347826086957%)
2026-05-20 20:25:43,605 - INFO - Match found: Unknown @ Technip Energies (31.304347826086957%)
2026-05-20 20:25:43,605 - INFO - Match found: Unknown @ Technip Energies (31.304347826086957%)
2026-05-20 20:25:43,605 - INFO - Match found: Unknown @ Technip Energies (31.304347826086957%)
2026-05-20 20:25:43,605 - INFO - Match found: Unknown @ Technip Energies (31.304347826086957%)
2026-05-20 20:25:43,605 - INFO - Match found: Unknown @ Technip Energies (31.304347826086957%)
2026-05-20 20:25:43,605 - INFO - Match found: Unknown @ Technip Energies (31.304347826086957%)
2026-05-20 20:25:43,605 - INFO - Match found: Unknown @ Technip Energies (31.304347826086957%)
2026-05-20 20:25:43,605 - INFO - Match found: Unknown @ Technip Energies (31.304347826086957%)
2026-05-20 20:25:43,605 - INFO - Match found: Unknown @ Technip Energies (31.304347826086957%)
2026-05-20 20:25:43,605 - INFO - Match found: Unknown @ Technip Energies (31.304347826086957%)
2026-05-20 20:25:43,605 - INFO - Match found: Unknown @ Technip Energies (31.304347826086957%)
2026-05-20 20:25:43,605 - INFO - Match found: Unknown @ Technip Energies (31.304347826086957%)
2026-05-20 20:25:43,605 - INFO - Match found: Unknown @ Technip Energies (31.304347826086957%)
2026-05-20 20:25:43,605 - INFO - Match found: Unknown @ Technip Energies (31.304347826086957%)
2026-05-20 20:25:43,605 - INFO - Match found: Unknown @ Technip Energies (31.304347826086957%)
2026-05-20 20:25:43,605 - INFO - Match found: Unknown @ Technip Energies (31.304347826086957%)
2026-05-20 20:25:43,605 - INFO - Match found: Unknown @ Technip Energies (31.304347826086957%)
2026-05-20 20:25:43,605 - INFO - Match found: Unknown @ Technip Energies (31.304347826086957%)
2026-05-20 20:25:43,605 - INFO - Match found: Unknown @ Technip Energies (31.304347826086957%)
2026-05-20 20:25:43,605 - INFO - Match found: Unknown @ Technip Energies (31.304347826086957%)
2026-05-20 20:25:43,605 - INFO - Match found: Unknown @ Technip Energies (31.304347826086957%)
2026-05-20 20:25:43,605 - INFO - Match found: Unknown @ Technip Energies (31.304347826086957%)
2026-05-20 20:25:43,606 - INFO - Match found: Unknown @ Technip Energies (31.304347826086957%)
2026-05-20 20:25:43,606 - INFO - Match found: Unknown @ Technip Energies (31.304347826086957%)
2026-05-20 20:25:43,606 - INFO - Match found: Unknown @ Technip Energies (31.304347826086957%)
2026-05-20 20:25:43,606 - INFO - Match found: Unknown @ Technip Energies (31.304347826086957%)
2026-05-20 20:25:43,606 - INFO - Match found: Unknown @ Technip Energies (31.304347826086957%)
2026-05-20 20:25:43,606 - INFO - Match found: Unknown @ Technip Energies (31.304347826086957%)
2026-05-20 20:25:43,606 - INFO - Match found: Unknown @ Technip Energies (31.304347826086957%)
2026-05-20 20:25:43,606 - INFO - Match found: Unknown @ Technip Energies (31.304347826086957%)
2026-05-20 20:25:43,606 - INFO - Match found: Unknown @ Technip Energies (31.304347826086957%)
2026-05-20 20:25:43,606 - INFO - Match found: Unknown @ Technip Energies (31.304347826086957%)
2026-05-20 20:25:43,606 - INFO - Match found: Unknown @ Technip Energies (31.304347826086957%)
2026-05-20 20:25:43,606 - INFO - Match found: Unknown @ Technip Energies (31.304347826086957%)
2026-05-20 20:25:43,606 - INFO - Match found: Unknown @ Technip Energies (31.304347826086957%)
2026-05-20 20:25:43,606 - INFO - Match found: Unknown @ Technip Energies (31.304347826086957%)
2026-05-20 20:25:43,606 - INFO - Match found: Unknown @ Technip Energies (32.608695652173914%)
2026-05-20 20:25:43,606 - INFO - Match found: Unknown @ Technip Energies (32.608695652173914%)
2026-05-20 20:25:43,606 - INFO - Match found: Unknown @ Technip Energies (31.304347826086957%)
2026-05-20 20:25:43,606 - INFO - Match found: Unknown @ Technip Energies (31.304347826086957%)
2026-05-20 20:25:43,606 - INFO - Match found: Unknown @ Technip Energies (31.304347826086957%)
2026-05-20 20:25:43,606 - INFO - Match found: Unknown @ Technip Energies (31.304347826086957%)
2026-05-20 20:25:43,606 - INFO - Match found: Unknown @ Valmet (26.0%)
2026-05-20 20:25:43,606 - INFO - Match found: Unknown @ Valmet (26.0%)
2026-05-20 20:25:43,606 - INFO - Match found: Unknown @ Valmet (26.0%)
2026-05-20 20:25:43,606 - INFO - Match found: Unknown @ Valmet (26.0%)
2026-05-20 20:25:43,606 - INFO - Match found: Unknown @ Valmet (26.0%)
2026-05-20 20:25:43,606 - INFO - Match found: Unknown @ Valmet (26.0%)
2026-05-20 20:25:43,606 - INFO - Match found: Unknown @ Elis Spain (31.304347826086957%)
2026-05-20 20:25:43,606 - INFO - Match found: Unknown @ Elis Spain (31.304347826086957%)
2026-05-20 20:25:43,606 - INFO - Match found: Unknown @ Elis Spain (31.304347826086957%)
2026-05-20 20:25:43,606 - INFO - Match found: Unknown @ Elis Spain (31.304347826086957%)
2026-05-20 20:25:43,607 - INFO - Match found: Unknown @ Elis Spain (31.304347826086957%)
2026-05-20 20:25:43,607 - INFO - Match found: Unknown @ Elis Spain (31.304347826086957%)
2026-05-20 20:25:43,607 - INFO - Match found: Unknown @ Elis Spain (31.304347826086957%)
2026-05-20 20:25:43,607 - INFO - Match found: Unknown @ Elis Spain (31.304347826086957%)
2026-05-20 20:25:43,607 - INFO - Match found: Unknown @ Elis Spain (31.304347826086957%)
2026-05-20 20:25:43,607 - INFO - Match found: Unknown @ Elis Spain (31.304347826086957%)
2026-05-20 20:25:43,607 - INFO - Match found: Unknown @ Elis Spain (31.304347826086957%)
2026-05-20 20:25:43,607 - INFO - Match found: Unknown @ Elis Spain (31.304347826086957%)
2026-05-20 20:25:43,607 - INFO - Match found: Job offers @ Elis Spain (31.304347826086957%)
2026-05-20 20:25:43,607 - INFO - Match found: Job offers @ Elis Spain (31.304347826086957%)
2026-05-20 20:25:43,607 - INFO - Match found: Unknown @ Elis Spain (31.304347826086957%)
2026-05-20 20:25:43,607 - INFO - Match found: Unknown @ Elis Spain (31.304347826086957%)
2026-05-20 20:25:43,607 - INFO - Match found: Unknown @ Elis Spain (31.304347826086957%)
2026-05-20 20:25:43,607 - INFO - Match found: Unknown @ Elis Spain (31.304347826086957%)
2026-05-20 20:25:43,607 - INFO - Match found: Unknown @ Elis Spain (31.304347826086957%)
2026-05-20 20:25:43,607 - INFO - Match found: Unknown @ Elis Spain (31.304347826086957%)
2026-05-20 20:25:43,607 - INFO - Match found: Unknown @ Elis Spain (31.304347826086957%)
2026-05-20 20:25:43,607 - INFO - Match found: Unknown @ Elis Spain (31.304347826086957%)
2026-05-20 20:25:43,607 - INFO - Match found: Unknown @ Elis Spain (31.304347826086957%)
2026-05-20 20:25:43,607 - INFO - Match found: Unknown @ Elis Spain (31.304347826086957%)
2026-05-20 20:25:43,607 - INFO - Match found: Unknown @ Elis Spain (31.304347826086957%)
2026-05-20 20:25:43,607 - INFO - Match found: Unknown @ Elis Spain (31.304347826086957%)
2026-05-20 20:25:43,607 - INFO - Match found: Unknown @ Elis Spain (31.304347826086957%)
2026-05-20 20:25:43,607 - INFO - Match found: Unknown @ Elis Spain (31.304347826086957%)
2026-05-20 20:25:43,607 - INFO - Match found: Unknown @ Elis Spain (31.304347826086957%)
2026-05-20 20:25:43,607 - INFO - Match found: Unknown @ Elis Spain (31.304347826086957%)
2026-05-20 20:25:43,607 - INFO - Match found: Unknown @ Elis Spain (31.304347826086957%)
2026-05-20 20:25:43,607 - INFO - Match found: Unknown @ Elis Spain (31.304347826086957%)
2026-05-20 20:25:43,607 - INFO - Match found: Unknown @ Elis Spain (31.304347826086957%)
2026-05-20 20:25:43,607 - INFO - Match found: Unknown @ Elis Spain (31.304347826086957%)
2026-05-20 20:25:43,608 - INFO - Match found: Unknown @ Elis Spain (31.304347826086957%)
2026-05-20 20:25:43,608 - INFO - Match found: Unknown @ Elis Spain (31.304347826086957%)
2026-05-20 20:25:43,608 - INFO - Match found: Unknown @ Elis Spain (41.30434782608695%)
2026-05-20 20:25:43,608 - INFO - Match found: Unknown @ Elis Spain (41.30434782608695%)
2026-05-20 20:25:43,608 - INFO - Match found: Unknown @ Elis Spain (41.30434782608695%)
2026-05-20 20:25:43,608 - INFO - Match found: Unknown @ Elis Spain (41.30434782608695%)
2026-05-20 20:25:43,608 - INFO - Match found: Unknown @ Elis Spain (41.30434782608695%)
2026-05-20 20:25:43,608 - INFO - Match found: Unknown @ Elis Spain (41.30434782608695%)
2026-05-20 20:25:43,608 - INFO - Match found: Unknown @ Elis Spain (31.304347826086957%)
2026-05-20 20:25:43,608 - INFO - Match found: Unknown @ Elis Spain (31.304347826086957%)
2026-05-20 20:25:43,608 - INFO - Match found: Unknown @ Elis Spain (31.304347826086957%)
2026-05-20 20:25:43,608 - INFO - Match found: Unknown @ Elis Spain (31.304347826086957%)
2026-05-20 20:25:43,608 - INFO - Match found: Unknown @ Elis Spain (31.304347826086957%)
2026-05-20 20:25:43,608 - INFO - Match found: Unknown @ Elis Spain (31.304347826086957%)
2026-05-20 20:25:43,608 - INFO - Match found: Unknown @ Elis Spain (31.304347826086957%)
2026-05-20 20:25:43,608 - INFO - Match found: Unknown @ Elis Spain (31.304347826086957%)
2026-05-20 20:25:43,608 - INFO - Match found: Unknown @ Elis Spain (31.304347826086957%)
2026-05-20 20:25:43,608 - INFO - Match found: Unknown @ Elis Spain (31.304347826086957%)
2026-05-20 20:25:43,608 - INFO - Match found: Unknown @ Elis Spain (31.304347826086957%)
2026-05-20 20:25:43,608 - INFO - Match found: Unknown @ Elis Spain (31.304347826086957%)
2026-05-20 20:25:43,608 - INFO - Match found: Unknown @ Elis Spain (31.304347826086957%)
2026-05-20 20:25:43,608 - INFO - Match found: Unknown @ Elis Spain (31.304347826086957%)
2026-05-20 20:25:43,608 - INFO - Match found: Unknown @ BonÀrea (21.304347826086957%)
2026-05-20 20:25:43,608 - INFO - Match found: Unknown @ BonÀrea (21.304347826086957%)
2026-05-20 20:25:43,608 - INFO - Match found: Hazte de @ BonÀrea (31.304347826086957%)
2026-05-20 20:25:43,608 - INFO - Match found: Hazte de @ BonÀrea (31.304347826086957%)
2026-05-20 20:25:43,608 - INFO - Found 86 matching jobs
2026-05-20 20:25:43,608 - INFO - Found 86 matching jobs
2026-05-20 20:25:43,609 - INFO - Sending email notifications...
2026-05-20 20:25:43,609 - INFO - Sending email notifications...
2026-05-20 20:25:43,609 - INFO - 📧 Sending notifications for 86 matching jobs
2026-05-20 20:25:43,609 - INFO - 📧 Sending notifications for 86 matching jobs
2026-05-20 20:25:45,000 - INFO - ✅ Email sent for: Unknown @ Revolut
2026-05-20 20:25:45,000 - INFO - ✅ Email sent for: Unknown @ Revolut
2026-05-20 20:25:46,715 - INFO - ✅ Email sent for: Unknown @ Revolut
2026-05-20 20:25:46,715 - INFO - ✅ Email sent for: Unknown @ Revolut
2026-05-20 20:25:47,815 - INFO - ✅ Email sent for: Unknown @ Revolut
2026-05-20 20:25:47,815 - INFO - ✅ Email sent for: Unknown @ Revolut
2026-05-20 20:25:49,000 - INFO - ✅ Email sent for: Unknown @ Revolut
2026-05-20 20:25:49,000 - INFO - ✅ Email sent for: Unknown @ Revolut
2026-05-20 20:25:49,943 - INFO - ✅ Email sent for: Unknown @ Revolut
2026-05-20 20:25:49,943 - INFO - ✅ Email sent for: Unknown @ Revolut
2026-05-20 20:25:51,157 - INFO - ✅ Email sent for: Unknown @ Revolut
2026-05-20 20:25:51,157 - INFO - ✅ Email sent for: Unknown @ Revolut
2026-05-20 20:25:52,224 - INFO - ✅ Email sent for: Unknown @ Revolut
2026-05-20 20:25:52,224 - INFO - ✅ Email sent for: Unknown @ Revolut
2026-05-20 20:25:53,145 - INFO - ✅ Email sent for: Unknown @ Revolut
2026-05-20 20:25:53,145 - INFO - ✅ Email sent for: Unknown @ Revolut
2026-05-20 20:25:54,420 - INFO - ✅ Email sent for: Unknown @ Revolut
2026-05-20 20:25:54,420 - INFO - ✅ Email sent for: Unknown @ Revolut
2026-05-20 20:25:55,346 - INFO - ✅ Email sent for: Unknown @ Revolut
2026-05-20 20:25:55,346 - INFO - ✅ Email sent for: Unknown @ Revolut
2026-05-20 20:25:56,521 - INFO - ✅ Email sent for: Unknown @ Revolut
2026-05-20 20:25:56,521 - INFO - ✅ Email sent for: Unknown @ Revolut
2026-05-20 20:25:57,934 - INFO - ✅ Email sent for: Unknown @ Deloitte Spain
2026-05-20 20:25:57,934 - INFO - ✅ Email sent for: Unknown @ Deloitte Spain
2026-05-20 20:25:58,825 - INFO - ✅ Email sent for: Blockchain & Digital Assets @ Deloitte Spain
2026-05-20 20:25:58,825 - INFO - ✅ Email sent for: Blockchain & Digital Assets @ Deloitte Spain
2026-05-20 20:25:59,867 - INFO - ✅ Email sent for: Unknown @ Deloitte Spain
2026-05-20 20:25:59,867 - INFO - ✅ Email sent for: Unknown @ Deloitte Spain
2026-05-20 20:26:00,807 - INFO - ✅ Email sent for: Blockchain & Digital Assets @ Deloitte Spain
2026-05-20 20:26:00,807 - INFO - ✅ Email sent for: Blockchain & Digital Assets @ Deloitte Spain
2026-05-20 20:26:01,942 - INFO - ✅ Email sent for: Unknown @ Deloitte Spain
2026-05-20 20:26:01,942 - INFO - ✅ Email sent for: Unknown @ Deloitte Spain
2026-05-20 20:26:02,835 - INFO - ✅ Email sent for: Blockchain & Digital Assets @ Deloitte Spain
2026-05-20 20:26:02,835 - INFO - ✅ Email sent for: Blockchain & Digital Assets @ Deloitte Spain
2026-05-20 20:26:03,819 - INFO - ✅ Email sent for: Unknown @ Deloitte Spain
2026-05-20 20:26:03,819 - INFO - ✅ Email sent for: Unknown @ Deloitte Spain
2026-05-20 20:26:04,643 - INFO - ✅ Email sent for: Blockchain & Digital Assets @ Deloitte Spain
2026-05-20 20:26:04,643 - INFO - ✅ Email sent for: Blockchain & Digital Assets @ Deloitte Spain
2026-05-20 20:26:06,204 - INFO - ✅ Email sent for: Unknown @ Deloitte Spain
2026-05-20 20:26:06,204 - INFO - ✅ Email sent for: Unknown @ Deloitte Spain
2026-05-20 20:26:07,164 - INFO - ✅ Email sent for: Early careers @ Deloitte Spain
2026-05-20 20:26:07,164 - INFO - ✅ Email sent for: Early careers @ Deloitte Spain
2026-05-20 20:26:08,036 - INFO - ✅ Email sent for: Unknown @ Deloitte Spain
2026-05-20 20:26:08,036 - INFO - ✅ Email sent for: Unknown @ Deloitte Spain
2026-05-20 20:26:09,117 - INFO - ✅ Email sent for: Experienced professionals @ Deloitte Spain
2026-05-20 20:26:09,117 - INFO - ✅ Email sent for: Experienced professionals @ Deloitte Spain
2026-05-20 20:26:10,032 - INFO - ✅ Email sent for: Unknown @ Deloitte Spain
2026-05-20 20:26:10,032 - INFO - ✅ Email sent for: Unknown @ Deloitte Spain
2026-05-20 20:26:11,104 - INFO - ✅ Email sent for: Life at Deloitte @ Deloitte Spain
2026-05-20 20:26:11,104 - INFO - ✅ Email sent for: Life at Deloitte @ Deloitte Spain
2026-05-20 20:26:12,006 - INFO - ✅ Email sent for: Unknown @ Accenture Spain
2026-05-20 20:26:12,006 - INFO - ✅ Email sent for: Unknown @ Accenture Spain
2026-05-20 20:26:12,923 - INFO - ✅ Email sent for: Unknown @ Accenture Spain
2026-05-20 20:26:12,923 - INFO - ✅ Email sent for: Unknown @ Accenture Spain
2026-05-20 20:26:14,462 - INFO - ✅ Email sent for: Unknown @ Accenture Spain
2026-05-20 20:26:14,462 - INFO - ✅ Email sent for: Unknown @ Accenture Spain
2026-05-20 20:26:15,613 - INFO - ✅ Email sent for: Unknown @ Accenture Spain
2026-05-20 20:26:15,613 - INFO - ✅ Email sent for: Unknown @ Accenture Spain
2026-05-20 20:26:16,440 - INFO - ✅ Email sent for: Unknown @ Accenture Spain
2026-05-20 20:26:16,440 - INFO - ✅ Email sent for: Unknown @ Accenture Spain
2026-05-20 20:26:17,545 - INFO - ✅ Email sent for: Unknown @ Technip Energies
2026-05-20 20:26:17,545 - INFO - ✅ Email sent for: Unknown @ Technip Energies
2026-05-20 20:26:18,731 - INFO - ✅ Email sent for: Unknown @ Technip Energies
2026-05-20 20:26:18,731 - INFO - ✅ Email sent for: Unknown @ Technip Energies
2026-05-20 20:26:19,555 - INFO - ✅ Email sent for: Unknown @ Technip Energies
2026-05-20 20:26:19,555 - INFO - ✅ Email sent for: Unknown @ Technip Energies
2026-05-20 20:26:20,828 - INFO - ✅ Email sent for: Unknown @ Technip Energies
2026-05-20 20:26:20,828 - INFO - ✅ Email sent for: Unknown @ Technip Energies
2026-05-20 20:26:22,075 - INFO - ✅ Email sent for: Unknown @ Technip Energies
2026-05-20 20:26:22,075 - INFO - ✅ Email sent for: Unknown @ Technip Energies
2026-05-20 20:26:23,170 - INFO - ✅ Email sent for: Unknown @ Technip Energies
2026-05-20 20:26:23,170 - INFO - ✅ Email sent for: Unknown @ Technip Energies
2026-05-20 20:26:24,047 - INFO - ✅ Email sent for: Unknown @ Technip Energies
2026-05-20 20:26:24,047 - INFO - ✅ Email sent for: Unknown @ Technip Energies
2026-05-20 20:26:24,916 - INFO - ✅ Email sent for: Unknown @ Technip Energies
2026-05-20 20:26:24,916 - INFO - ✅ Email sent for: Unknown @ Technip Energies
2026-05-20 20:26:25,865 - INFO - ✅ Email sent for: Unknown @ Technip Energies
2026-05-20 20:26:25,865 - INFO - ✅ Email sent for: Unknown @ Technip Energies
2026-05-20 20:26:26,804 - INFO - ✅ Email sent for: Unknown @ Technip Energies
2026-05-20 20:26:26,804 - INFO - ✅ Email sent for: Unknown @ Technip Energies
2026-05-20 20:26:28,528 - INFO - ✅ Email sent for: Unknown @ Technip Energies
2026-05-20 20:26:28,528 - INFO - ✅ Email sent for: Unknown @ Technip Energies
2026-05-20 20:26:29,553 - INFO - ✅ Email sent for: Unknown @ Technip Energies
2026-05-20 20:26:29,553 - INFO - ✅ Email sent for: Unknown @ Technip Energies
2026-05-20 20:26:30,732 - INFO - ✅ Email sent for: Unknown @ Technip Energies
2026-05-20 20:26:30,732 - INFO - ✅ Email sent for: Unknown @ Technip Energies
2026-05-20 20:26:31,620 - INFO - ✅ Email sent for: Unknown @ Technip Energies
2026-05-20 20:26:31,620 - INFO - ✅ Email sent for: Unknown @ Technip Energies
2026-05-20 20:26:32,820 - INFO - ✅ Email sent for: Unknown @ Technip Energies
2026-05-20 20:26:32,820 - INFO - ✅ Email sent for: Unknown @ Technip Energies
2026-05-20 20:26:33,975 - INFO - ✅ Email sent for: Unknown @ Technip Energies
2026-05-20 20:26:33,975 - INFO - ✅ Email sent for: Unknown @ Technip Energies
2026-05-20 20:26:34,865 - INFO - ✅ Email sent for: Unknown @ Technip Energies
2026-05-20 20:26:34,865 - INFO - ✅ Email sent for: Unknown @ Technip Energies
2026-05-20 20:26:36,078 - INFO - ✅ Email sent for: Unknown @ Technip Energies
2026-05-20 20:26:36,078 - INFO - ✅ Email sent for: Unknown @ Technip Energies
2026-05-20 20:26:37,224 - INFO - ✅ Email sent for: Unknown @ Technip Energies
2026-05-20 20:26:37,224 - INFO - ✅ Email sent for: Unknown @ Technip Energies
2026-05-20 20:26:38,107 - INFO - ✅ Email sent for: Unknown @ Technip Energies
2026-05-20 20:26:38,107 - INFO - ✅ Email sent for: Unknown @ Technip Energies
2026-05-20 20:26:39,169 - INFO - ✅ Email sent for: Unknown @ Technip Energies
2026-05-20 20:26:39,169 - INFO - ✅ Email sent for: Unknown @ Technip Energies
2026-05-20 20:26:40,418 - INFO - ✅ Email sent for: Unknown @ Technip Energies
2026-05-20 20:26:40,418 - INFO - ✅ Email sent for: Unknown @ Technip Energies
2026-05-20 20:26:41,415 - INFO - ✅ Email sent for: Unknown @ Technip Energies
2026-05-20 20:26:41,415 - INFO - ✅ Email sent for: Unknown @ Technip Energies
2026-05-20 20:26:42,397 - INFO - ✅ Email sent for: Unknown @ Valmet
2026-05-20 20:26:42,397 - INFO - ✅ Email sent for: Unknown @ Valmet
2026-05-20 20:26:43,465 - INFO - ✅ Email sent for: Unknown @ Valmet
2026-05-20 20:26:43,465 - INFO - ✅ Email sent for: Unknown @ Valmet
2026-05-20 20:26:44,581 - INFO - ✅ Email sent for: Unknown @ Valmet
2026-05-20 20:26:44,581 - INFO - ✅ Email sent for: Unknown @ Valmet
2026-05-20 20:26:45,610 - INFO - ✅ Email sent for: Unknown @ Elis Spain
2026-05-20 20:26:45,610 - INFO - ✅ Email sent for: Unknown @ Elis Spain
2026-05-20 20:26:46,685 - INFO - ✅ Email sent for: Unknown @ Elis Spain
2026-05-20 20:26:46,685 - INFO - ✅ Email sent for: Unknown @ Elis Spain
2026-05-20 20:26:47,716 - INFO - ✅ Email sent for: Unknown @ Elis Spain
2026-05-20 20:26:47,716 - INFO - ✅ Email sent for: Unknown @ Elis Spain
2026-05-20 20:26:48,913 - INFO - ✅ Email sent for: Unknown @ Elis Spain
2026-05-20 20:26:48,913 - INFO - ✅ Email sent for: Unknown @ Elis Spain
2026-05-20 20:26:50,178 - INFO - ✅ Email sent for: Unknown @ Elis Spain
2026-05-20 20:26:50,178 - INFO - ✅ Email sent for: Unknown @ Elis Spain
2026-05-20 20:26:51,266 - INFO - ✅ Email sent for: Unknown @ Elis Spain
2026-05-20 20:26:51,266 - INFO - ✅ Email sent for: Unknown @ Elis Spain
2026-05-20 20:26:52,350 - INFO - ✅ Email sent for: Job offers @ Elis Spain
2026-05-20 20:26:52,350 - INFO - ✅ Email sent for: Job offers @ Elis Spain
2026-05-20 20:26:53,365 - INFO - ✅ Email sent for: Unknown @ Elis Spain
2026-05-20 20:26:53,365 - INFO - ✅ Email sent for: Unknown @ Elis Spain
2026-05-20 20:26:54,237 - INFO - ✅ Email sent for: Unknown @ Elis Spain
2026-05-20 20:26:54,237 - INFO - ✅ Email sent for: Unknown @ Elis Spain
2026-05-20 20:26:55,246 - INFO - ✅ Email sent for: Unknown @ Elis Spain
2026-05-20 20:26:55,246 - INFO - ✅ Email sent for: Unknown @ Elis Spain
2026-05-20 20:26:56,329 - INFO - ✅ Email sent for: Unknown @ Elis Spain
2026-05-20 20:26:56,329 - INFO - ✅ Email sent for: Unknown @ Elis Spain
2026-05-20 20:26:57,355 - INFO - ✅ Email sent for: Unknown @ Elis Spain
2026-05-20 20:26:57,355 - INFO - ✅ Email sent for: Unknown @ Elis Spain
2026-05-20 20:26:58,767 - INFO - ✅ Email sent for: Unknown @ Elis Spain
2026-05-20 20:26:58,767 - INFO - ✅ Email sent for: Unknown @ Elis Spain
2026-05-20 20:26:59,861 - INFO - ✅ Email sent for: Unknown @ Elis Spain
2026-05-20 20:26:59,861 - INFO - ✅ Email sent for: Unknown @ Elis Spain
2026-05-20 20:27:00,885 - INFO - ✅ Email sent for: Unknown @ Elis Spain
2026-05-20 20:27:00,885 - INFO - ✅ Email sent for: Unknown @ Elis Spain
2026-05-20 20:27:01,869 - INFO - ✅ Email sent for: Unknown @ Elis Spain
2026-05-20 20:27:01,869 - INFO - ✅ Email sent for: Unknown @ Elis Spain
2026-05-20 20:27:03,027 - INFO - ✅ Email sent for: Unknown @ Elis Spain
2026-05-20 20:27:03,027 - INFO - ✅ Email sent for: Unknown @ Elis Spain
2026-05-20 20:27:04,195 - INFO - ✅ Email sent for: Unknown @ Elis Spain
2026-05-20 20:27:04,195 - INFO - ✅ Email sent for: Unknown @ Elis Spain
2026-05-20 20:27:05,520 - INFO - ✅ Email sent for: Unknown @ Elis Spain
2026-05-20 20:27:05,520 - INFO - ✅ Email sent for: Unknown @ Elis Spain
2026-05-20 20:27:06,645 - INFO - ✅ Email sent for: Unknown @ Elis Spain
2026-05-20 20:27:06,645 - INFO - ✅ Email sent for: Unknown @ Elis Spain
2026-05-20 20:27:07,980 - INFO - ✅ Email sent for: Unknown @ Elis Spain
2026-05-20 20:27:07,980 - INFO - ✅ Email sent for: Unknown @ Elis Spain
2026-05-20 20:27:08,933 - INFO - ✅ Email sent for: Unknown @ Elis Spain
2026-05-20 20:27:08,933 - INFO - ✅ Email sent for: Unknown @ Elis Spain
2026-05-20 20:27:09,956 - INFO - ✅ Email sent for: Unknown @ Elis Spain
2026-05-20 20:27:09,956 - INFO - ✅ Email sent for: Unknown @ Elis Spain
2026-05-20 20:27:10,827 - INFO - ✅ Email sent for: Unknown @ Elis Spain
2026-05-20 20:27:10,827 - INFO - ✅ Email sent for: Unknown @ Elis Spain
2026-05-20 20:27:11,954 - INFO - ✅ Email sent for: Unknown @ Elis Spain
2026-05-20 20:27:11,954 - INFO - ✅ Email sent for: Unknown @ Elis Spain
2026-05-20 20:27:12,933 - INFO - ✅ Email sent for: Unknown @ Elis Spain
2026-05-20 20:27:12,933 - INFO - ✅ Email sent for: Unknown @ Elis Spain
2026-05-20 20:27:15,021 - INFO - ✅ Email sent for: Unknown @ Elis Spain
2026-05-20 20:27:15,021 - INFO - ✅ Email sent for: Unknown @ Elis Spain
2026-05-20 20:27:16,230 - INFO - ✅ Email sent for: Unknown @ Elis Spain
2026-05-20 20:27:16,230 - INFO - ✅ Email sent for: Unknown @ Elis Spain
2026-05-20 20:27:17,262 - INFO - ✅ Email sent for: Unknown @ BonÀrea
2026-05-20 20:27:17,262 - INFO - ✅ Email sent for: Unknown @ BonÀrea
2026-05-20 20:27:18,521 - INFO - ✅ Email sent for: Hazte de @ BonÀrea
2026-05-20 20:27:18,521 - INFO - ✅ Sent 86/86 notifications
2026-05-20 20:27:18,521 - INFO - ✅ Email sent for: Hazte de @ BonÀrea
2026-05-20 20:27:18,521 - INFO - ✅ Sent 86/86 notifications
2026-05-20 20:27:18,524 - INFO - Job database updated: 86 new jobs, 262 total
2026-05-20 20:27:18,524 - INFO - Job database updated: 86 new jobs, 262 total
2026-05-20 20:27:18,524 - INFO - ============================================================
2026-05-20 20:27:18,524 - INFO - ============================================================
2026-05-20 20:27:18,525 - INFO - Job Scout Pipeline Completed
2026-05-20 20:27:18,525 - INFO - Job Scout Pipeline Completed
2026-05-20 20:27:18,525 - INFO - ============================================================
2026-05-20 20:27:18,525 - INFO - ============================================================
